Tournament,Stage,Match Type,Match Name,Map,Team A,Team A Score,Team A Attacker Score,Team A Defender Score,Team A Overtime Score,Team B,Team B Score,Team B Attacker Score,Team B Defender Score,Team B Overtime Score,Duration
Valorant Masters London 2026,Swiss Stage,Round 1,Xi Lai Gaming vs NRG,Pearl,Xi Lai Gaming,6,5,1,0.0,Mega Minors,13,6,7,0.0,44:32
Valorant Masters London 2026,Swiss Stage,Round 1,Xi Lai Gaming vs NRG,Lotus,Xi Lai Gaming,11,7,4,0.0,Mega Minors,13,8,5,0.0,56:56
Valorant Masters London 2026,Swiss Stage,Round 1,Team Vitality vs Dragon Ranger Gaming,Lotus,Team Vitality,13,8,5,0.0,Dragon Ranger Gaming,5,1,4,0.0,43:10
Valorant Masters London 2026,Swiss Stage,Round 1,Team Vitality vs Dragon Ranger Gaming,Breeze,Team Vitality,13,9,4,0.0,Dragon Ranger Gaming,3,0,3,0.0,44:47
Valorant Masters London 2026,Swiss Stage,Round 1,FULL SENSE vs FUT Esports,Fracture,FULL SENSE,3,3,0,0.0,FUT Esports,13,4,9,0.0,33:55
Valorant Masters London 2026,Swiss Stage,Round 1,FULL SENSE vs FUT Esports,Haven,FULL SENSE,7,2,5,0.0,FUT Esports,13,3,10,0.0,40:17
Valorant Masters London 2026,Swiss Stage,Round 1,LEVIATÁN vs Global Esports,Pearl,LEVIATÁN,4,3,1,0.0,Global Esports,13,4,9,0.0,37:17
Valorant Masters London 2026,Swiss Stage,Round 1,LEVIATÁN vs Global Esports,Fracture,LEVIATÁN,13,6,7,0.0,Global Esports,11,5,6,0.0,51:24
Valorant Masters London 2026,Swiss Stage,Round 1,LEVIATÁN vs Global Esports,Split,LEVIATÁN,13,4,9,0.0,Global Esports,9,1,8,0.0,48:48
Valorant Masters London 2026,Swiss Stage,Round 2 (1-0),Team Vitality vs FUT Esports,Pearl,Team Vitality,13,7,6,0.0,FUT Esports,11,6,5,0.0,54:46
Valorant Masters London 2026,Swiss Stage,Round 2 (1-0),Team Vitality vs FUT Esports,Haven,Team Vitality,4,2,2,0.0,FUT Esports,13,3,10,0.0,35:01
Valorant Masters London 2026,Swiss Stage,Round 2 (1-0),Team Vitality vs FUT Esports,Fracture,Team Vitality,13,8,5,0.0,FUT Esports,10,6,4,0.0,46:40
Valorant Masters London 2026,Swiss Stage,Round 2 (1-0),NRG vs LEVIATÁN,Ascent,Mega Minors,7,5,2,0.0,LEVIATÁN,13,6,7,0.0,46:14
Valorant Masters London 2026,Swiss Stage,Round 2 (1-0),NRG vs LEVIATÁN,Lotus,Mega Minors,13,8,5,0.0,LEVIATÁN,5,1,4,0.0,37:40
Valorant Masters London 2026,Swiss Stage,Round 2 (1-0),NRG vs LEVIATÁN,Pearl,Mega Minors,8,5,3,0.0,LEVIATÁN,13,6,7,0.0,46:57
Valorant Masters London 2026,Swiss Stage,Round 2 (0-1),Dragon Ranger Gaming vs Xi Lai Gaming,Haven,Dragon Ranger Gaming,13,9,4,0.0,Xi Lai Gaming,4,1,3,0.0,33:41
Valorant Masters London 2026,Swiss Stage,Round 2 (0-1),Dragon Ranger Gaming vs Xi Lai Gaming,Fracture,Dragon Ranger Gaming,9,5,4,0.0,Xi Lai Gaming,13,6,7,0.0,46:41
Valorant Masters London 2026,Swiss Stage,Round 2 (0-1),Dragon Ranger Gaming vs Xi Lai Gaming,Split,Dragon Ranger Gaming,11,4,7,0.0,Xi Lai Gaming,13,5,8,0.0,58:24
Valorant Masters London 2026,Swiss Stage,Round 2 (0-1),Global Esports vs FULL SENSE,Split,Global Esports,9,5,4,0.0,FULL SENSE,13,6,7,0.0,51:20
Valorant Masters London 2026,Swiss Stage,Round 2 (0-1),Global Esports vs FULL SENSE,Breeze,Global Esports,13,7,6,0.0,FULL SENSE,8,3,5,0.0,39:38
Valorant Masters London 2026,Swiss Stage,Round 2 (0-1),Global Esports vs FULL SENSE,Pearl,Global Esports,13,10,3,0.0,FULL SENSE,8,6,2,0.0,45:21
Valorant Masters London 2026,Swiss Stage,Round 3 (1-1),FUT Esports vs NRG,Lotus,FUT Esports,11,6,5,0.0,Mega Minors,13,7,6,0.0,55:14
Valorant Masters London 2026,Swiss Stage,Round 3 (1-1),FUT Esports vs NRG,Haven,FUT Esports,14,7,5,2.0,Mega Minors,12,7,5,0.0,58:03
Valorant Masters London 2026,Swiss Stage,Round 3 (1-1),FUT Esports vs NRG,Fracture,FUT Esports,13,7,6,0.0,Mega Minors,11,6,5,0.0,52:37
Valorant Masters London 2026,Swiss Stage,Round 3 (1-1),Global Esports vs Xi Lai Gaming,Haven,Global Esports,13,5,8,0.0,Xi Lai Gaming,10,3,7,0.0,46:34
Valorant Masters London 2026,Swiss Stage,Round 3 (1-1),Global Esports vs Xi Lai Gaming,Lotus,Global Esports,9,7,2,0.0,Xi Lai Gaming,13,8,5,0.0,51:51
Valorant Masters London 2026,Swiss Stage,Round 3 (1-1),Global Esports vs Xi Lai Gaming,Breeze,Global Esports,10,4,6,0.0,Xi Lai Gaming,13,5,8,0.0,47:11
Valorant Masters London 2026,Playoffs,Upper Quarterfinals,Paper Rex vs LEVIATÁN,Ascent,Paper Rex,13,11,2,0.0,LEVIATÁN,1,0,1,0.0,29:19
Valorant Masters London 2026,Playoffs,Upper Quarterfinals,Paper Rex vs LEVIATÁN,Lotus,Paper Rex,13,5,8,0.0,LEVIATÁN,10,3,7,0.0,48:54
Valorant Masters London 2026,Playoffs,Upper Quarterfinals,Team Heretics vs Team Vitality,Breeze,Team Heretics,6,4,2,0.0,Team Vitality,13,5,8,0.0,40:32
Valorant Masters London 2026,Playoffs,Upper Quarterfinals,Team Heretics vs Team Vitality,Lotus,Team Heretics,7,4,3,0.0,Team Vitality,13,5,8,0.0,45:54
Valorant Masters London 2026,Playoffs,Upper Quarterfinals,EDward Gaming vs FUT Esports,Haven,EDward Gaming,4,2,2,0.0,FUT Esports,13,3,10,0.0,35:37
Valorant Masters London 2026,Playoffs,Upper Quarterfinals,EDward Gaming vs FUT Esports,Pearl,EDward Gaming,14,4,8,2.0,FUT Esports,12,4,8,0.0,53:52
Valorant Masters London 2026,Playoffs,Upper Quarterfinals,EDward Gaming vs FUT Esports,Fracture,EDward Gaming,13,9,4,0.0,FUT Esports,5,2,3,0.0,34:55
Valorant Masters London 2026,Playoffs,Upper Quarterfinals,G2 Esports vs Xi Lai Gaming,Lotus,G2 Esports,13,7,6,0.0,Xi Lai Gaming,7,2,5,0.0,49:23
Valorant Masters London 2026,Playoffs,Upper Quarterfinals,G2 Esports vs Xi Lai Gaming,Ascent,G2 Esports,4,4,0,0.0,Xi Lai Gaming,13,5,8,0.0,40:42
Valorant Masters London 2026,Playoffs,Upper Quarterfinals,G2 Esports vs Xi Lai Gaming,Split,G2 Esports,9,5,4,0.0,Xi Lai Gaming,13,6,7,0.0,51:24
Valorant Masters London 2026,Playoffs,Lower Round 1,LEVIATÁN vs Team Heretics,Split,LEVIATÁN,13,9,4,0.0,Team Heretics,3,0,3,0.0,30:03
Valorant Masters London 2026,Playoffs,Lower Round 1,LEVIATÁN vs Team Heretics,Lotus,LEVIATÁN,11,5,6,0.0,Team Heretics,13,6,7,0.0,50:15
Valorant Masters London 2026,Playoffs,Lower Round 1,LEVIATÁN vs Team Heretics,Ascent,LEVIATÁN,13,8,5,0.0,Team Heretics,6,2,4,0.0,41:49
Valorant Masters London 2026,Playoffs,Lower Round 1,G2 Esports vs FUT Esports,Ascent,G2 Esports,6,3,3,0.0,FUT Esports,13,4,9,0.0,45:06
Valorant Masters London 2026,Playoffs,Lower Round 1,G2 Esports vs FUT Esports,Lotus,G2 Esports,13,7,5,1.0,FUT Esports,15,7,5,3.0,1:16:29
Valorant Masters London 2026,Playoffs,Upper Semifinals,Xi Lai Gaming vs EDward Gaming,Lotus,Xi Lai Gaming,10,4,6,0.0,EDward Gaming,13,5,8,0.0,52:19
Valorant Masters London 2026,Playoffs,Upper Semifinals,Xi Lai Gaming vs EDward Gaming,Breeze,Xi Lai Gaming,13,5,8,0.0,EDward Gaming,10,3,7,0.0,52:00
Valorant Masters London 2026,Playoffs,Upper Semifinals,Xi Lai Gaming vs EDward Gaming,Split,Xi Lai Gaming,3,3,0,0.0,EDward Gaming,13,4,9,0.0,32:41
Valorant Masters London 2026,Playoffs,Upper Semifinals,Paper Rex vs Team Vitality,Breeze,Paper Rex,13,9,4,0.0,Team Vitality,3,0,3,0.0,31:00
Valorant Masters London 2026,Playoffs,Upper Semifinals,Paper Rex vs Team Vitality,Split,Paper Rex,6,4,2,0.0,Team Vitality,13,5,8,0.0,50:09
Valorant Masters London 2026,Playoffs,Upper Semifinals,Paper Rex vs Team Vitality,Fracture,Paper Rex,13,8,5,0.0,Team Vitality,6,2,4,0.0,39:16
Valorant Masters London 2026,Playoffs,Lower Round 2,Xi Lai Gaming vs LEVIATÁN,Haven,Xi Lai Gaming,7,4,3,0.0,LEVIATÁN,13,5,8,0.0,40:52
Valorant Masters London 2026,Playoffs,Lower Round 2,Xi Lai Gaming vs LEVIATÁN,Lotus,Xi Lai Gaming,3,1,2,0.0,LEVIATÁN,13,2,11,0.0,34:50
Valorant Masters London 2026,Playoffs,Lower Round 2,Team Vitality vs FUT Esports,Lotus,Team Vitality,13,7,6,0.0,FUT Esports,7,2,5,0.0,45:44
Valorant Masters London 2026,Playoffs,Lower Round 2,Team Vitality vs FUT Esports,Ascent,Team Vitality,13,10,3,0.0,FUT Esports,2,0,2,0.0,31:13
Valorant Masters London 2026,Playoffs,Upper Final,EDward Gaming vs Paper Rex,Breeze,EDward Gaming,15,7,5,3.0,Paper Rex,13,7,5,1.0,55:40
Valorant Masters London 2026,Playoffs,Upper Final,EDward Gaming vs Paper Rex,Fracture,EDward Gaming,12,7,5,0.0,Paper Rex,14,7,5,2.0,57:34
Valorant Masters London 2026,Playoffs,Upper Final,EDward Gaming vs Paper Rex,Split,EDward Gaming,6,4,2,0.0,Paper Rex,13,5,8,0.0,43:18
Valorant Masters London 2026,Playoffs,Lower Round 3,Team Vitality vs LEVIATÁN,Lotus,Team Vitality,4,4,0,0.0,LEVIATÁN,13,5,8,0.0,41:04
Valorant Masters London 2026,Playoffs,Lower Round 3,Team Vitality vs LEVIATÁN,Split,Team Vitality,4,3,1,0.0,LEVIATÁN,13,4,9,0.0,36:54
Valorant Masters London 2026,Playoffs,Lower Final,EDward Gaming vs LEVIATÁN,Haven,EDward Gaming,5,2,3,0.0,LEVIATÁN,13,3,10,0.0,34:20
Valorant Masters London 2026,Playoffs,Lower Final,EDward Gaming vs LEVIATÁN,Pearl,EDward Gaming,9,7,2,0.0,LEVIATÁN,13,8,5,0.0,46:57
Valorant Masters London 2026,Playoffs,Lower Final,EDward Gaming vs LEVIATÁN,Split,EDward Gaming,11,5,6,0.0,LEVIATÁN,13,6,7,0.0,52:34
Valorant Masters London 2026,Playoffs,Grand Final,Paper Rex vs LEVIATÁN,Fracture,Paper Rex,13,10,3,0.0,LEVIATÁN,2,0,2,0.0,31:58
Valorant Masters London 2026,Playoffs,Grand Final,Paper Rex vs LEVIATÁN,Split,Paper Rex,6,6,0,0.0,LEVIATÁN,13,7,6,0.0,36:56
Valorant Masters London 2026,Playoffs,Grand Final,Paper Rex vs LEVIATÁN,Breeze,Paper Rex,13,4,9,0.0,LEVIATÁN,11,3,8,0.0,48:35
Valorant Masters London 2026,Playoffs,Grand Final,Paper Rex vs LEVIATÁN,Ascent,Paper Rex,10,7,3,0.0,LEVIATÁN,13,8,5,0.0,54:54
Valorant Masters London 2026,Playoffs,Grand Final,Paper Rex vs LEVIATÁN,Lotus,Paper Rex,5,1,4,0.0,LEVIATÁN,13,2,11,0.0,38:24
VCT 2026: Americas Stage 1,Group Stage,Week 1,Sentinels vs KRÜ Esports,Lotus,Sentinels,8,4,4,0.0,KRÜ Esports,13,5,8,0.0,56:51
VCT 2026: Americas Stage 1,Group Stage,Week 1,Sentinels vs KRÜ Esports,Breeze,Sentinels,9,5,4,0.0,KRÜ Esports,13,6,7,0.0,46:09
VCT 2026: Americas Stage 1,Group Stage,Week 1,G2 Esports vs MIBR,Lotus,G2 Esports,8,6,2,0.0,MIBR,13,7,6,0.0,55:46
VCT 2026: Americas Stage 1,Group Stage,Week 1,G2 Esports vs MIBR,Split,G2 Esports,14,6,6,2.0,MIBR,16,6,6,4.0,1:09:00
VCT 2026: Americas Stage 1,Group Stage,Week 1,100 Thieves vs Evil Geniuses,Haven,100 Thieves,13,6,7,0.0,Evil Geniuses,8,2,6,0.0,48:56
VCT 2026: Americas Stage 1,Group Stage,Week 1,100 Thieves vs Evil Geniuses,Breeze,100 Thieves,13,9,4,0.0,Evil Geniuses,4,1,3,0.0,37:57
VCT 2026: Americas Stage 1,Group Stage,Week 1,ENVY vs LOUD,Lotus,ENVY,13,9,4,0.0,LOUD,9,6,3,0.0,55:35
VCT 2026: Americas Stage 1,Group Stage,Week 1,ENVY vs LOUD,Pearl,ENVY,11,5,6,0.0,LOUD,13,6,7,0.0,47:29
VCT 2026: Americas Stage 1,Group Stage,Week 1,ENVY vs LOUD,Breeze,ENVY,8,4,4,0.0,LOUD,13,5,8,0.0,40:30
VCT 2026: Americas Stage 1,Group Stage,Week 1,Cloud9 vs LEVIATÁN,Pearl,Cloud9,6,4,2,0.0,LEVIATÁN,13,5,8,0.0,46:13
VCT 2026: Americas Stage 1,Group Stage,Week 1,Cloud9 vs LEVIATÁN,Haven,Cloud9,5,4,1,0.0,LEVIATÁN,13,5,8,0.0,37:01
VCT 2026: Americas Stage 1,Group Stage,Week 1,FURIA vs NRG,Pearl,FURIA,13,8,5,0.0,Mega Minors,7,3,4,0.0,52:59
VCT 2026: Americas Stage 1,Group Stage,Week 1,FURIA vs NRG,Split,FURIA,13,9,4,0.0,Mega Minors,10,7,3,0.0,52:11
VCT 2026: Americas Stage 1,Group Stage,Week 2,Cloud9 vs ENVY,Split,Cloud9,13,8,5,0.0,ENVY,11,7,4,0.0,1:02:36
VCT 2026: Americas Stage 1,Group Stage,Week 2,Cloud9 vs ENVY,Pearl,Cloud9,5,4,1,0.0,ENVY,13,5,8,0.0,39:48
VCT 2026: Americas Stage 1,Group Stage,Week 2,Cloud9 vs ENVY,Haven,Cloud9,9,4,5,0.0,ENVY,13,5,8,0.0,47:37
VCT 2026: Americas Stage 1,Group Stage,Week 2,FURIA vs Evil Geniuses,Haven,FURIA,12,4,8,0.0,Evil Geniuses,14,4,8,2.0,1:05:21
VCT 2026: Americas Stage 1,Group Stage,Week 2,FURIA vs Evil Geniuses,Pearl,FURIA,13,9,4,0.0,Evil Geniuses,5,2,3,0.0,42:22
VCT 2026: Americas Stage 1,Group Stage,Week 2,FURIA vs Evil Geniuses,Lotus,FURIA,13,6,7,0.0,Evil Geniuses,10,4,6,0.0,53:30
VCT 2026: Americas Stage 1,Group Stage,Week 2,G2 Esports vs LEVIATÁN,Breeze,G2 Esports,13,7,6,0.0,LEVIATÁN,6,1,5,0.0,54:35
VCT 2026: Americas Stage 1,Group Stage,Week 2,G2 Esports vs LEVIATÁN,Split,G2 Esports,11,6,5,0.0,LEVIATÁN,13,7,6,0.0,57:03
VCT 2026: Americas Stage 1,Group Stage,Week 2,G2 Esports vs LEVIATÁN,Bind,G2 Esports,12,6,6,0.0,LEVIATÁN,14,6,6,2.0,1:00:03
VCT 2026: Americas Stage 1,Group Stage,Week 2,MIBR vs LOUD,Haven,MIBR,13,9,4,0.0,LOUD,10,7,3,0.0,47:07
VCT 2026: Americas Stage 1,Group Stage,Week 2,MIBR vs LOUD,Split,MIBR,13,10,3,0.0,LOUD,4,2,2,0.0,34:10
VCT 2026: Americas Stage 1,Group Stage,Week 2,NRG vs KRÜ Esports,Lotus,Mega Minors,10,5,5,0.0,KRÜ Esports,13,6,7,0.0,1:05:10
VCT 2026: Americas Stage 1,Group Stage,Week 2,NRG vs KRÜ Esports,Split,Mega Minors,8,4,4,0.0,KRÜ Esports,13,5,8,0.0,44:42
VCT 2026: Americas Stage 1,Group Stage,Week 2,100 Thieves vs Sentinels,Haven,100 Thieves,10,5,5,0.0,Sentinels,13,6,7,0.0,53:38
VCT 2026: Americas Stage 1,Group Stage,Week 2,100 Thieves vs Sentinels,Split,100 Thieves,17,8,4,5.0,Sentinels,19,8,4,7.0,1:24:41
VCT 2026: Americas Stage 1,Group Stage,Week 3,LEVIATÁN vs ENVY,Bind,LEVIATÁN,13,10,3,0.0,ENVY,4,2,2,0.0,36:46
VCT 2026: Americas Stage 1,Group Stage,Week 3,LEVIATÁN vs ENVY,Fracture,LEVIATÁN,13,9,4,0.0,ENVY,4,1,3,0.0,28:49
VCT 2026: Americas Stage 1,Group Stage,Week 3,G2 Esports vs LOUD,Haven,G2 Esports,13,6,7,0.0,LOUD,9,3,6,0.0,54:41
VCT 2026: Americas Stage 1,Group Stage,Week 3,G2 Esports vs LOUD,Pearl,G2 Esports,13,7,6,0.0,LOUD,10,5,5,0.0,52:04
VCT 2026: Americas Stage 1,Group Stage,Week 3,FURIA vs KRÜ Esports,Lotus,FURIA,4,2,2,0.0,KRÜ Esports,13,3,10,0.0,42:21
VCT 2026: Americas Stage 1,Group Stage,Week 3,FURIA vs KRÜ Esports,Haven,FURIA,10,7,3,0.0,KRÜ Esports,13,8,5,0.0,44:20
VCT 2026: Americas Stage 1,Group Stage,Week 3,NRG vs 100 Thieves,Pearl,Mega Minors,9,3,6,0.0,100 Thieves,13,4,9,0.0,51:21
VCT 2026: Americas Stage 1,Group Stage,Week 3,NRG vs 100 Thieves,Lotus,Mega Minors,13,8,5,0.0,100 Thieves,10,6,4,0.0,52:56
VCT 2026: Americas Stage 1,Group Stage,Week 3,NRG vs 100 Thieves,Breeze,Mega Minors,13,12,1,0.0,100 Thieves,2,2,0,0.0,32:53
VCT 2026: Americas Stage 1,Group Stage,Week 3,Evil Geniuses vs Sentinels,Haven,Evil Geniuses,7,5,2,0.0,Sentinels,13,6,7,0.0,48:50
VCT 2026: Americas Stage 1,Group Stage,Week 3,Evil Geniuses vs Sentinels,Bind,Evil Geniuses,11,5,6,0.0,Sentinels,13,6,7,0.0,57:27
VCT 2026: Americas Stage 1,Group Stage,Week 3,MIBR vs Cloud9,Breeze,MIBR,12,5,7,0.0,Cloud9,14,5,7,2.0,57:16
VCT 2026: Americas Stage 1,Group Stage,Week 3,MIBR vs Cloud9,Split,MIBR,12,6,6,0.0,Cloud9,14,6,6,2.0,58:50
VCT 2026: Americas Stage 1,Group Stage,Week 4,Evil Geniuses vs NRG,Fracture,Evil Geniuses,8,3,5,0.0,Mega Minors,13,4,9,0.0,46:51
VCT 2026: Americas Stage 1,Group Stage,Week 4,Evil Geniuses vs NRG,Pearl,Evil Geniuses,9,5,4,0.0,Mega Minors,13,6,7,0.0,53:54
VCT 2026: Americas Stage 1,Group Stage,Week 4,LEVIATÁN vs MIBR,Breeze,LEVIATÁN,10,6,4,0.0,MIBR,13,7,6,0.0,47:58
VCT 2026: Americas Stage 1,Group Stage,Week 4,LEVIATÁN vs MIBR,Haven,LEVIATÁN,10,5,5,0.0,MIBR,13,6,7,0.0,49:23
VCT 2026: Americas Stage 1,Group Stage,Week 4,KRÜ Esports vs 100 Thieves,Bind,KRÜ Esports,4,2,2,0.0,100 Thieves,13,3,10,0.0,42:00
VCT 2026: Americas Stage 1,Group Stage,Week 4,KRÜ Esports vs 100 Thieves,Haven,KRÜ Esports,13,7,6,0.0,100 Thieves,10,5,5,0.0,46:54
VCT 2026: Americas Stage 1,Group Stage,Week 4,KRÜ Esports vs 100 Thieves,Split,KRÜ Esports,6,5,1,0.0,100 Thieves,13,6,7,0.0,42:40
VCT 2026: Americas Stage 1,Group Stage,Week 4,FURIA vs Sentinels,Split,FURIA,13,8,5,0.0,Sentinels,4,0,4,0.0,38:11
VCT 2026: Americas Stage 1,Group Stage,Week 4,FURIA vs Sentinels,Breeze,FURIA,7,2,5,0.0,Sentinels,13,3,10,0.0,43:23
VCT 2026: Americas Stage 1,Group Stage,Week 4,FURIA vs Sentinels,Haven,FURIA,13,7,6,0.0,Sentinels,7,2,5,0.0,41:59
VCT 2026: Americas Stage 1,Group Stage,Week 4,LOUD vs Cloud9,Lotus,LOUD,13,11,2,0.0,Cloud9,1,0,1,0.0,34:35
VCT 2026: Americas Stage 1,Group Stage,Week 4,LOUD vs Cloud9,Split,LOUD,8,3,5,0.0,Cloud9,13,4,9,0.0,47:41
VCT 2026: Americas Stage 1,Group Stage,Week 4,LOUD vs Cloud9,Breeze,LOUD,13,7,6,0.0,Cloud9,11,6,5,0.0,49:47
VCT 2026: Americas Stage 1,Group Stage,Week 4,G2 Esports vs ENVY,Haven,G2 Esports,13,9,4,0.0,ENVY,4,1,3,0.0,41:45
VCT 2026: Americas Stage 1,Group Stage,Week 4,G2 Esports vs ENVY,Lotus,G2 Esports,13,7,6,0.0,ENVY,6,1,5,0.0,37:36
VCT 2026: Americas Stage 1,Group Stage,Week 5,KRÜ Esports vs Evil Geniuses,Haven,KRÜ Esports,11,5,6,0.0,Evil Geniuses,13,6,7,0.0,1:09:25
VCT 2026: Americas Stage 1,Group Stage,Week 5,KRÜ Esports vs Evil Geniuses,Lotus,KRÜ Esports,13,4,9,0.0,Evil Geniuses,11,3,8,0.0,51:33
VCT 2026: Americas Stage 1,Group Stage,Week 5,KRÜ Esports vs Evil Geniuses,Bind,KRÜ Esports,13,7,6,0.0,Evil Geniuses,6,1,5,0.0,39:59
VCT 2026: Americas Stage 1,Group Stage,Week 5,FURIA vs 100 Thieves,Pearl,FURIA,13,5,8,0.0,100 Thieves,9,2,7,0.0,56:13
VCT 2026: Americas Stage 1,Group Stage,Week 5,FURIA vs 100 Thieves,Haven,FURIA,8,4,4,0.0,100 Thieves,13,5,8,0.0,46:29
VCT 2026: Americas Stage 1,Group Stage,Week 5,FURIA vs 100 Thieves,Breeze,FURIA,6,4,2,0.0,100 Thieves,13,5,8,0.0,41:54
VCT 2026: Americas Stage 1,Group Stage,Week 5,G2 Esports vs Cloud9,Lotus,G2 Esports,13,8,5,0.0,Cloud9,6,2,4,0.0,54:15
VCT 2026: Americas Stage 1,Group Stage,Week 5,G2 Esports vs Cloud9,Split,G2 Esports,13,8,5,0.0,Cloud9,9,5,4,0.0,53:47
VCT 2026: Americas Stage 1,Group Stage,Week 5,ENVY vs MIBR,Haven,ENVY,13,11,2,0.0,MIBR,1,0,1,0.0,29:27
VCT 2026: Americas Stage 1,Group Stage,Week 5,ENVY vs MIBR,Bind,ENVY,13,9,4,0.0,MIBR,3,0,3,0.0,32:48
VCT 2026: Americas Stage 1,Group Stage,Week 5,LOUD vs LEVIATÁN,Bind,LOUD,3,3,0,0.0,LEVIATÁN,13,4,9,0.0,47:08
VCT 2026: Americas Stage 1,Group Stage,Week 5,LOUD vs LEVIATÁN,Breeze,LOUD,14,4,8,2.0,LEVIATÁN,12,4,8,0.0,54:30
VCT 2026: Americas Stage 1,Group Stage,Week 5,LOUD vs LEVIATÁN,Haven,LOUD,13,3,10,0.0,LEVIATÁN,10,1,9,0.0,48:40
VCT 2026: Americas Stage 1,Group Stage,Week 5,Sentinels vs NRG,Fracture,Sentinels,11,8,3,0.0,Mega Minors,13,9,4,0.0,59:24
VCT 2026: Americas Stage 1,Group Stage,Week 5,Sentinels vs NRG,Breeze,Sentinels,13,9,4,0.0,Mega Minors,11,8,3,0.0,54:00
VCT 2026: Americas Stage 1,Group Stage,Week 5,Sentinels vs NRG,Lotus,Sentinels,10,7,3,0.0,Mega Minors,13,8,5,0.0,1:15:05
VCT 2026: Americas Stage 1,Playoffs,Upper Round 1,FURIA vs LEVIATÁN,Breeze,FURIA,13,7,6,0.0,LEVIATÁN,8,3,5,0.0,57:08
VCT 2026: Americas Stage 1,Playoffs,Upper Round 1,FURIA vs LEVIATÁN,Split,FURIA,5,4,1,0.0,LEVIATÁN,13,5,8,0.0,42:40
VCT 2026: Americas Stage 1,Playoffs,Upper Round 1,FURIA vs LEVIATÁN,Pearl,FURIA,1,1,0,0.0,LEVIATÁN,13,2,11,0.0,28:51
VCT 2026: Americas Stage 1,Playoffs,Upper Round 1,G2 Esports vs 100 Thieves,Pearl,G2 Esports,13,8,5,0.0,100 Thieves,4,0,4,0.0,42:48
VCT 2026: Americas Stage 1,Playoffs,Upper Round 1,G2 Esports vs 100 Thieves,Lotus,G2 Esports,13,8,5,0.0,100 Thieves,7,3,4,0.0,44:02
VCT 2026: Americas Stage 1,Playoffs,Upper Semifinals,MIBR vs LEVIATÁN,Split,MIBR,10,4,6,0.0,LEVIATÁN,13,5,8,0.0,1:03:01
VCT 2026: Americas Stage 1,Playoffs,Upper Semifinals,MIBR vs LEVIATÁN,Fracture,MIBR,13,8,5,0.0,LEVIATÁN,4,0,4,0.0,31:14
VCT 2026: Americas Stage 1,Playoffs,Upper Semifinals,MIBR vs LEVIATÁN,Ascent,MIBR,7,4,3,0.0,LEVIATÁN,13,5,8,0.0,46:09
VCT 2026: Americas Stage 1,Playoffs,Upper Semifinals,KRÜ Esports vs G2 Esports,Lotus,KRÜ Esports,11,7,4,0.0,G2 Esports,13,8,5,0.0,1:05:48
VCT 2026: Americas Stage 1,Playoffs,Upper Semifinals,KRÜ Esports vs G2 Esports,Breeze,KRÜ Esports,7,6,1,0.0,G2 Esports,13,7,6,0.0,41:55
VCT 2026: Americas Stage 1,Playoffs,Lower Round 1,FURIA vs NRG,Lotus,FURIA,4,4,0,0.0,Mega Minors,13,5,8,0.0,50:29
VCT 2026: Americas Stage 1,Playoffs,Lower Round 1,FURIA vs NRG,Haven,FURIA,8,6,2,0.0,Mega Minors,13,7,6,0.0,47:55
VCT 2026: Americas Stage 1,Playoffs,Lower Round 1,100 Thieves vs LOUD,Breeze,100 Thieves,13,9,4,0.0,LOUD,5,2,3,0.0,45:51
VCT 2026: Americas Stage 1,Playoffs,Lower Round 1,100 Thieves vs LOUD,Split,100 Thieves,13,8,5,0.0,LOUD,4,0,4,0.0,35:11
VCT 2026: Americas Stage 1,Playoffs,Lower Round 2,KRÜ Esports vs NRG,Breeze,KRÜ Esports,8,4,4,0.0,Mega Minors,13,5,8,0.0,53:51
VCT 2026: Americas Stage 1,Playoffs,Lower Round 2,KRÜ Esports vs NRG,Haven,KRÜ Esports,4,1,3,0.0,Mega Minors,13,2,11,0.0,35:53
VCT 2026: Americas Stage 1,Playoffs,Lower Round 2,MIBR vs 100 Thieves,Fracture,MIBR,11,5,6,0.0,100 Thieves,13,6,7,0.0,58:16
VCT 2026: Americas Stage 1,Playoffs,Lower Round 2,MIBR vs 100 Thieves,Breeze,MIBR,7,3,4,0.0,100 Thieves,13,4,9,0.0,41:49
VCT 2026: Americas Stage 1,Playoffs,Upper Final,LEVIATÁN vs G2 Esports,Ascent,LEVIATÁN,13,6,7,0.0,G2 Esports,7,1,6,0.0,52:49
VCT 2026: Americas Stage 1,Playoffs,Upper Final,LEVIATÁN vs G2 Esports,Pearl,LEVIATÁN,9,7,2,0.0,G2 Esports,13,8,5,0.0,50:07
VCT 2026: Americas Stage 1,Playoffs,Upper Final,LEVIATÁN vs G2 Esports,Split,LEVIATÁN,13,7,6,0.0,G2 Esports,5,0,5,0.0,37:42
VCT 2026: Americas Stage 1,Playoffs,Lower Round 3,NRG vs 100 Thieves,Fracture,Mega Minors,13,8,5,0.0,100 Thieves,9,5,4,0.0,57:15
VCT 2026: Americas Stage 1,Playoffs,Lower Round 3,NRG vs 100 Thieves,Breeze,Mega Minors,13,7,6,0.0,100 Thieves,11,6,5,0.0,51:43
VCT 2026: Americas Stage 1,Playoffs,Lower Final,G2 Esports vs NRG,Lotus,G2 Esports,13,8,5,0.0,Mega Minors,8,4,4,0.0,1:10:25
VCT 2026: Americas Stage 1,Playoffs,Lower Final,G2 Esports vs NRG,Breeze,G2 Esports,6,6,0,0.0,Mega Minors,13,7,6,0.0,43:59
VCT 2026: Americas Stage 1,Playoffs,Lower Final,G2 Esports vs NRG,Pearl,G2 Esports,13,8,5,0.0,Mega Minors,7,3,4,0.0,45:40
VCT 2026: Americas Stage 1,Playoffs,Lower Final,G2 Esports vs NRG,Haven,G2 Esports,10,6,4,0.0,Mega Minors,13,7,6,0.0,58:57
VCT 2026: Americas Stage 1,Playoffs,Lower Final,G2 Esports vs NRG,Ascent,G2 Esports,13,5,8,0.0,Mega Minors,10,3,7,0.0,55:09
VCT 2026: Americas Stage 1,Playoffs,Grand Final,LEVIATÁN vs G2 Esports,Fracture,LEVIATÁN,12,6,6,0.0,G2 Esports,14,6,6,2.0,1:08:29
VCT 2026: Americas Stage 1,Playoffs,Grand Final,LEVIATÁN vs G2 Esports,Haven,LEVIATÁN,13,6,7,0.0,G2 Esports,11,5,6,0.0,53:19
VCT 2026: Americas Stage 1,Playoffs,Grand Final,LEVIATÁN vs G2 Esports,Ascent,LEVIATÁN,13,7,6,0.0,G2 Esports,9,4,5,0.0,49:12
VCT 2026: Americas Stage 1,Playoffs,Grand Final,LEVIATÁN vs G2 Esports,Pearl,LEVIATÁN,10,3,7,0.0,G2 Esports,13,4,9,0.0,54:48
VCT 2026: Americas Stage 1,Playoffs,Grand Final,LEVIATÁN vs G2 Esports,Split,LEVIATÁN,11,7,4,0.0,G2 Esports,13,8,5,0.0,1:01:25
VCT 2026: EMEA Stage 1,Group Stage,Week 1,FNATIC vs Eternal Fire,Breeze,FNATIC,14,3,9,2.0,Eternal Fire,12,3,9,0.0,53:19
VCT 2026: EMEA Stage 1,Group Stage,Week 1,FNATIC vs Eternal Fire,Bind,FNATIC,15,4,8,3.0,Eternal Fire,17,4,8,5.0,1:04:50
VCT 2026: EMEA Stage 1,Group Stage,Week 1,FNATIC vs Eternal Fire,Lotus,FNATIC,13,10,3,0.0,Eternal Fire,2,0,2,0.0,31:06
VCT 2026: EMEA Stage 1,Group Stage,Week 1,Team Liquid vs Karmine Corp,Haven,Team Liquid,13,7,6,0.0,Karmine Corp,10,5,5,0.0,54:33
VCT 2026: EMEA Stage 1,Group Stage,Week 1,Team Liquid vs Karmine Corp,Pearl,Team Liquid,13,9,4,0.0,Karmine Corp,7,4,3,0.0,47:39
VCT 2026: EMEA Stage 1,Group Stage,Week 1,Team Vitality vs GIANTX,Haven,Team Vitality,13,6,7,0.0,GIANTX,8,2,6,0.0,43:10
VCT 2026: EMEA Stage 1,Group Stage,Week 1,Team Vitality vs GIANTX,Pearl,Team Vitality,13,10,3,0.0,GIANTX,3,1,2,0.0,33:49
VCT 2026: EMEA Stage 1,Group Stage,Week 1,Gentle Mates vs FUT Esports,Pearl,Gentle Mates,13,9,4,0.0,FUT Esports,10,7,3,0.0,55:26
VCT 2026: EMEA Stage 1,Group Stage,Week 1,Gentle Mates vs FUT Esports,Bind,Gentle Mates,8,6,2,0.0,FUT Esports,13,7,6,0.0,46:00
VCT 2026: EMEA Stage 1,Group Stage,Week 1,Gentle Mates vs FUT Esports,Haven,Gentle Mates,6,4,2,0.0,FUT Esports,13,5,8,0.0,41:27
VCT 2026: EMEA Stage 1,Group Stage,Week 1,Team Heretics vs Natus Vincere,Pearl,Team Heretics,13,8,5,0.0,Natus Vincere,9,5,4,0.0,1:14:49
VCT 2026: EMEA Stage 1,Group Stage,Week 1,Team Heretics vs Natus Vincere,Lotus,Team Heretics,9,5,4,0.0,Natus Vincere,13,6,7,0.0,53:08
VCT 2026: EMEA Stage 1,Group Stage,Week 1,Team Heretics vs Natus Vincere,Bind,Team Heretics,9,5,4,0.0,Natus Vincere,13,6,7,0.0,53:52
VCT 2026: EMEA Stage 1,Group Stage,Week 1,BBL Esports vs PCIFIC Esports,Split,BBL Esports,13,8,5,0.0,PCIFIC Esports,11,7,4,0.0,55:08
VCT 2026: EMEA Stage 1,Group Stage,Week 1,BBL Esports vs PCIFIC Esports,Breeze,BBL Esports,13,7,6,0.0,PCIFIC Esports,8,3,5,0.0,45:10
VCT 2026: EMEA Stage 1,Group Stage,Week 2,PCIFIC Esports vs GIANTX,Haven,PCIFIC Esports,8,4,4,0.0,GIANTX,13,5,8,0.0,43:24
VCT 2026: EMEA Stage 1,Group Stage,Week 2,PCIFIC Esports vs GIANTX,Pearl,PCIFIC Esports,14,3,9,2.0,GIANTX,12,3,9,0.0,58:02
VCT 2026: EMEA Stage 1,Group Stage,Week 2,PCIFIC Esports vs GIANTX,Split,PCIFIC Esports,10,7,3,0.0,GIANTX,13,8,5,0.0,48:55
VCT 2026: EMEA Stage 1,Group Stage,Week 2,BBL Esports vs Eternal Fire,Pearl,BBL Esports,6,2,4,0.0,Eternal Fire,13,3,10,0.0,39:56
VCT 2026: EMEA Stage 1,Group Stage,Week 2,BBL Esports vs Eternal Fire,Split,BBL Esports,10,8,2,0.0,Eternal Fire,13,9,4,0.0,47:44
VCT 2026: EMEA Stage 1,Group Stage,Week 2,FNATIC vs Team Vitality,Split,FNATIC,13,6,7,0.0,Team Vitality,11,5,6,0.0,53:03
VCT 2026: EMEA Stage 1,Group Stage,Week 2,FNATIC vs Team Vitality,Breeze,FNATIC,13,7,6,0.0,Team Vitality,10,5,5,0.0,49:01
VCT 2026: EMEA Stage 1,Group Stage,Week 2,Team Liquid vs Team Heretics,Pearl,Team Liquid,13,8,5,0.0,Team Heretics,10,6,4,0.0,55:51
VCT 2026: EMEA Stage 1,Group Stage,Week 2,Team Liquid vs Team Heretics,Bind,Team Liquid,13,7,6,0.0,Team Heretics,8,3,5,0.0,43:08
VCT 2026: EMEA Stage 1,Group Stage,Week 2,FUT Esports vs Natus Vincere,Fracture,FUT Esports,9,5,4,0.0,Natus Vincere,13,6,7,0.0,53:28
VCT 2026: EMEA Stage 1,Group Stage,Week 2,FUT Esports vs Natus Vincere,Bind,FUT Esports,13,6,7,0.0,Natus Vincere,9,3,6,0.0,50:25
VCT 2026: EMEA Stage 1,Group Stage,Week 2,FUT Esports vs Natus Vincere,Split,FUT Esports,13,6,7,0.0,Natus Vincere,6,0,6,0.0,42:53
VCT 2026: EMEA Stage 1,Group Stage,Week 2,Gentle Mates vs Karmine Corp,Fracture,Gentle Mates,13,5,8,0.0,Karmine Corp,9,2,7,0.0,48:15
VCT 2026: EMEA Stage 1,Group Stage,Week 2,Gentle Mates vs Karmine Corp,Haven,Gentle Mates,9,6,3,0.0,Karmine Corp,13,7,6,0.0,46:24
VCT 2026: EMEA Stage 1,Group Stage,Week 2,Gentle Mates vs Karmine Corp,Pearl,Gentle Mates,13,7,6,0.0,Karmine Corp,9,4,5,0.0,46:37
VCT 2026: EMEA Stage 1,Group Stage,Week 3,BBL Esports vs GIANTX,Haven,BBL Esports,11,4,7,0.0,GIANTX,13,5,8,0.0,53:28
VCT 2026: EMEA Stage 1,Group Stage,Week 3,BBL Esports vs GIANTX,Lotus,BBL Esports,13,8,5,0.0,GIANTX,7,3,4,0.0,46:23
VCT 2026: EMEA Stage 1,Group Stage,Week 3,BBL Esports vs GIANTX,Split,BBL Esports,9,7,2,0.0,GIANTX,13,8,5,0.0,48:35
VCT 2026: EMEA Stage 1,Group Stage,Week 3,Gentle Mates vs Natus Vincere,Pearl,Gentle Mates,13,3,10,0.0,Natus Vincere,10,1,9,0.0,1:05:15
VCT 2026: EMEA Stage 1,Group Stage,Week 3,Gentle Mates vs Natus Vincere,Lotus,Gentle Mates,13,7,6,0.0,Natus Vincere,8,3,5,0.0,46:37
VCT 2026: EMEA Stage 1,Group Stage,Week 3,Eternal Fire vs Team Vitality,Bind,Eternal Fire,13,9,4,0.0,Team Vitality,11,8,3,0.0,55:58
VCT 2026: EMEA Stage 1,Group Stage,Week 3,Eternal Fire vs Team Vitality,Lotus,Eternal Fire,13,6,7,0.0,Team Vitality,6,0,6,0.0,42:34
VCT 2026: EMEA Stage 1,Group Stage,Week 3,Karmine Corp vs Team Heretics,Haven,Karmine Corp,13,9,4,0.0,Team Heretics,6,3,3,0.0,42:22
VCT 2026: EMEA Stage 1,Group Stage,Week 3,Karmine Corp vs Team Heretics,Lotus,Karmine Corp,2,2,0,0.0,Team Heretics,13,3,10,0.0,28:19
VCT 2026: EMEA Stage 1,Group Stage,Week 3,Karmine Corp vs Team Heretics,Fracture,Karmine Corp,7,3,4,0.0,Team Heretics,13,4,9,0.0,40:15
VCT 2026: EMEA Stage 1,Group Stage,Week 3,FUT Esports vs Team Liquid,Breeze,FUT Esports,13,8,5,0.0,Team Liquid,9,5,4,0.0,51:13
VCT 2026: EMEA Stage 1,Group Stage,Week 3,FUT Esports vs Team Liquid,Haven,FUT Esports,15,6,6,3.0,Team Liquid,13,6,6,1.0,1:01:32
VCT 2026: EMEA Stage 1,Group Stage,Week 3,PCIFIC Esports vs FNATIC,Split,PCIFIC Esports,11,7,4,0.0,FNATIC,13,8,5,0.0,55:25
VCT 2026: EMEA Stage 1,Group Stage,Week 3,PCIFIC Esports vs FNATIC,Lotus,PCIFIC Esports,4,2,2,0.0,FNATIC,13,3,10,0.0,36:11
VCT 2026: EMEA Stage 1,Group Stage,Week 4,Eternal Fire vs PCIFIC Esports,Split,Eternal Fire,9,4,5,0.0,PCIFIC Esports,13,5,8,0.0,42:26
VCT 2026: EMEA Stage 1,Group Stage,Week 4,Eternal Fire vs PCIFIC Esports,Fracture,Eternal Fire,13,4,9,0.0,PCIFIC Esports,11,3,8,0.0,49:05
VCT 2026: EMEA Stage 1,Group Stage,Week 4,Eternal Fire vs PCIFIC Esports,Lotus,Eternal Fire,13,9,4,0.0,PCIFIC Esports,11,8,3,0.0,47:40
VCT 2026: EMEA Stage 1,Group Stage,Week 4,Natus Vincere vs Team Liquid,Bind,Natus Vincere,9,8,1,0.0,Team Liquid,13,9,4,0.0,50:01
VCT 2026: EMEA Stage 1,Group Stage,Week 4,Natus Vincere vs Team Liquid,Split,Natus Vincere,13,8,5,0.0,Team Liquid,9,5,4,0.0,49:22
VCT 2026: EMEA Stage 1,Group Stage,Week 4,Natus Vincere vs Team Liquid,Lotus,Natus Vincere,7,6,1,0.0,Team Liquid,13,7,6,0.0,44:34
VCT 2026: EMEA Stage 1,Group Stage,Week 4,GIANTX vs FNATIC,Haven,GIANTX,13,10,3,0.0,FNATIC,3,1,2,0.0,37:07
VCT 2026: EMEA Stage 1,Group Stage,Week 4,GIANTX vs FNATIC,Bind,GIANTX,7,2,5,0.0,FNATIC,13,3,10,0.0,42:13
VCT 2026: EMEA Stage 1,Group Stage,Week 4,GIANTX vs FNATIC,Breeze,GIANTX,9,7,2,0.0,FNATIC,13,8,5,0.0,45:51
VCT 2026: EMEA Stage 1,Group Stage,Week 4,Karmine Corp vs FUT Esports,Haven,Karmine Corp,13,7,6,0.0,FUT Esports,9,4,5,0.0,45:47
VCT 2026: EMEA Stage 1,Group Stage,Week 4,Karmine Corp vs FUT Esports,Lotus,Karmine Corp,10,7,3,0.0,FUT Esports,13,8,5,0.0,49:05
VCT 2026: EMEA Stage 1,Group Stage,Week 4,Karmine Corp vs FUT Esports,Bind,Karmine Corp,8,4,4,0.0,FUT Esports,13,5,8,0.0,42:26
VCT 2026: EMEA Stage 1,Group Stage,Week 4,Gentle Mates vs Team Heretics,Fracture,Gentle Mates,4,4,0,0.0,Team Heretics,13,5,8,0.0,35:20
VCT 2026: EMEA Stage 1,Group Stage,Week 4,Gentle Mates vs Team Heretics,Lotus,Gentle Mates,10,7,3,0.0,Team Heretics,13,8,5,0.0,51:09
VCT 2026: EMEA Stage 1,Group Stage,Week 4,BBL Esports vs Team Vitality,Lotus,BBL Esports,8,6,2,0.0,Team Vitality,13,7,6,0.0,50:48
VCT 2026: EMEA Stage 1,Group Stage,Week 4,BBL Esports vs Team Vitality,Haven,BBL Esports,13,4,9,0.0,Team Vitality,10,2,8,0.0,51:58
VCT 2026: EMEA Stage 1,Group Stage,Week 4,BBL Esports vs Team Vitality,Breeze,BBL Esports,13,11,2,0.0,Team Vitality,5,4,1,0.0,40:42
VCT 2026: EMEA Stage 1,Group Stage,Week 5,Team Heretics vs FUT Esports,Lotus,Team Heretics,13,4,9,0.0,FUT Esports,11,3,8,0.0,51:28
VCT 2026: EMEA Stage 1,Group Stage,Week 5,Team Heretics vs FUT Esports,Split,Team Heretics,13,10,3,0.0,FUT Esports,2,0,2,0.0,33:50
VCT 2026: EMEA Stage 1,Group Stage,Week 5,Team Vitality vs PCIFIC Esports,Haven,Team Vitality,13,5,8,0.0,PCIFIC Esports,9,2,7,0.0,55:43
VCT 2026: EMEA Stage 1,Group Stage,Week 5,Team Vitality vs PCIFIC Esports,Split,Team Vitality,13,12,1,0.0,PCIFIC Esports,0,0,0,0.0,34:44
VCT 2026: EMEA Stage 1,Group Stage,Week 5,Natus Vincere vs Karmine Corp,Lotus,Natus Vincere,13,8,5,0.0,Karmine Corp,9,5,4,0.0,42:42
VCT 2026: EMEA Stage 1,Group Stage,Week 5,Natus Vincere vs Karmine Corp,Breeze,Natus Vincere,13,6,7,0.0,Karmine Corp,9,3,6,0.0,48:38
VCT 2026: EMEA Stage 1,Group Stage,Week 5,BBL Esports vs FNATIC,Haven,BBL Esports,3,3,0,0.0,FNATIC,13,4,9,0.0,35:15
VCT 2026: EMEA Stage 1,Group Stage,Week 5,BBL Esports vs FNATIC,Fracture,BBL Esports,5,3,2,0.0,FNATIC,13,4,9,0.0,37:39
VCT 2026: EMEA Stage 1,Group Stage,Week 5,GIANTX vs Eternal Fire,Split,GIANTX,11,9,2,0.0,Eternal Fire,13,10,3,0.0,42:15
VCT 2026: EMEA Stage 1,Group Stage,Week 5,GIANTX vs Eternal Fire,Breeze,GIANTX,10,3,7,0.0,Eternal Fire,13,4,9,0.0,45:25
VCT 2026: EMEA Stage 1,Group Stage,Week 5,Gentle Mates vs Team Liquid,Split,Gentle Mates,8,3,5,0.0,Team Liquid,13,4,9,0.0,40:12
VCT 2026: EMEA Stage 1,Group Stage,Week 5,Gentle Mates vs Team Liquid,Lotus,Gentle Mates,9,4,5,0.0,Team Liquid,13,5,8,0.0,42:47
VCT 2026: EMEA Stage 1,Playoffs,Upper Round 1,Eternal Fire vs Team Heretics,Fracture,Eternal Fire,7,4,3,0.0,Team Heretics,13,5,8,0.0,37:40
VCT 2026: EMEA Stage 1,Playoffs,Upper Round 1,Eternal Fire vs Team Heretics,Pearl,Eternal Fire,13,8,5,0.0,Team Heretics,8,4,4,0.0,47:37
VCT 2026: EMEA Stage 1,Playoffs,Upper Round 1,Eternal Fire vs Team Heretics,Lotus,Eternal Fire,13,8,5,0.0,Team Heretics,5,1,4,0.0,33:48
VCT 2026: EMEA Stage 1,Playoffs,Upper Round 1,Team Liquid vs Team Vitality,Pearl,Team Liquid,3,2,1,0.0,Team Vitality,13,3,10,0.0,38:33
VCT 2026: EMEA Stage 1,Playoffs,Upper Round 1,Team Liquid vs Team Vitality,Ascent,Team Liquid,13,5,8,0.0,Team Vitality,11,4,7,0.0,53:36
VCT 2026: EMEA Stage 1,Playoffs,Upper Round 1,Team Liquid vs Team Vitality,Lotus,Team Liquid,10,4,6,0.0,Team Vitality,13,5,8,0.0,54:12
VCT 2026: EMEA Stage 1,Playoffs,Upper Semifinals,FUT Esports vs Eternal Fire,Pearl,FUT Esports,5,4,1,0.0,Eternal Fire,13,5,8,0.0,41:05
VCT 2026: EMEA Stage 1,Playoffs,Upper Semifinals,FUT Esports vs Eternal Fire,Ascent,FUT Esports,13,9,4,0.0,Eternal Fire,4,1,3,0.0,33:39
VCT 2026: EMEA Stage 1,Playoffs,Upper Semifinals,FUT Esports vs Eternal Fire,Split,FUT Esports,13,4,9,0.0,Eternal Fire,11,3,8,0.0,47:03
VCT 2026: EMEA Stage 1,Playoffs,Upper Semifinals,FNATIC vs Team Vitality,Breeze,FNATIC,4,3,1,0.0,Team Vitality,13,4,9,0.0,40:14
VCT 2026: EMEA Stage 1,Playoffs,Upper Semifinals,FNATIC vs Team Vitality,Haven,FNATIC,13,9,3,1.0,Team Vitality,15,9,3,3.0,1:00:33
VCT 2026: EMEA Stage 1,Playoffs,Lower Round 1,Team Heretics vs BBL Esports,Breeze,Team Heretics,13,8,5,0.0,BBL Esports,4,0,4,0.0,44:30
VCT 2026: EMEA Stage 1,Playoffs,Lower Round 1,Team Heretics vs BBL Esports,Ascent,Team Heretics,14,3,9,2.0,BBL Esports,12,3,9,0.0,59:43
VCT 2026: EMEA Stage 1,Playoffs,Lower Round 1,Team Liquid vs Gentle Mates,Split,Team Liquid,13,9,4,0.0,Gentle Mates,4,1,3,0.0,36:33
VCT 2026: EMEA Stage 1,Playoffs,Lower Round 1,Team Liquid vs Gentle Mates,Ascent,Team Liquid,10,6,4,0.0,Gentle Mates,13,7,6,0.0,51:46
VCT 2026: EMEA Stage 1,Playoffs,Lower Round 1,Team Liquid vs Gentle Mates,Fracture,Team Liquid,2,0,2,0.0,Gentle Mates,13,1,12,0.0,56:17
VCT 2026: EMEA Stage 1,Playoffs,Lower Round 2,FNATIC vs Team Heretics,Fracture,FNATIC,13,6,7,0.0,Team Heretics,10,4,6,0.0,50:37
VCT 2026: EMEA Stage 1,Playoffs,Lower Round 2,FNATIC vs Team Heretics,Lotus,FNATIC,2,2,0,0.0,Team Heretics,13,3,10,0.0,33:35
VCT 2026: EMEA Stage 1,Playoffs,Lower Round 2,FNATIC vs Team Heretics,Ascent,FNATIC,13,5,7,1.0,Team Heretics,15,5,7,3.0,1:17:22
VCT 2026: EMEA Stage 1,Playoffs,Lower Round 2,Eternal Fire vs Gentle Mates,Ascent,Eternal Fire,13,8,5,0.0,Gentle Mates,5,1,4,0.0,39:29
VCT 2026: EMEA Stage 1,Playoffs,Lower Round 2,Eternal Fire vs Gentle Mates,Lotus,Eternal Fire,13,8,5,0.0,Gentle Mates,9,5,4,0.0,42:43
VCT 2026: EMEA Stage 1,Playoffs,Upper Final,FUT Esports vs Team Vitality,Pearl,FUT Esports,15,5,7,3.0,Team Vitality,17,5,7,5.0,1:11:50
VCT 2026: EMEA Stage 1,Playoffs,Upper Final,FUT Esports vs Team Vitality,Ascent,FUT Esports,13,6,7,0.0,Team Vitality,8,2,6,0.0,46:50
VCT 2026: EMEA Stage 1,Playoffs,Upper Final,FUT Esports vs Team Vitality,Split,FUT Esports,12,3,9,0.0,Team Vitality,14,3,9,2.0,58:44
VCT 2026: EMEA Stage 1,Playoffs,Lower Round 3,Team Heretics vs Eternal Fire,Lotus,Team Heretics,11,7,4,0.0,Eternal Fire,13,8,5,0.0,51:42
VCT 2026: EMEA Stage 1,Playoffs,Lower Round 3,Team Heretics vs Eternal Fire,Fracture,Team Heretics,13,3,10,0.0,Eternal Fire,10,1,9,0.0,45:19
VCT 2026: EMEA Stage 1,Playoffs,Lower Round 3,Team Heretics vs Eternal Fire,Ascent,Team Heretics,13,9,4,0.0,Eternal Fire,10,7,3,0.0,48:39
VCT 2026: EMEA Stage 1,Playoffs,Lower Final,FUT Esports vs Team Heretics,Haven,FUT Esports,15,8,4,3.0,Team Heretics,13,8,4,1.0,57:57
VCT 2026: EMEA Stage 1,Playoffs,Lower Final,FUT Esports vs Team Heretics,Lotus,FUT Esports,4,3,1,0.0,Team Heretics,13,4,9,0.0,33:02
VCT 2026: EMEA Stage 1,Playoffs,Lower Final,FUT Esports vs Team Heretics,Ascent,FUT Esports,6,4,2,0.0,Team Heretics,13,5,8,0.0,40:35
VCT 2026: EMEA Stage 1,Playoffs,Lower Final,FUT Esports vs Team Heretics,Breeze,FUT Esports,1,1,0,0.0,Team Heretics,13,2,11,0.0,33:47
VCT 2026: EMEA Stage 1,Playoffs,Grand Final,Team Vitality vs Team Heretics,Breeze,Team Vitality,13,5,8,0.0,Team Heretics,10,3,7,0.0,49:05
VCT 2026: EMEA Stage 1,Playoffs,Grand Final,Team Vitality vs Team Heretics,Lotus,Team Vitality,13,5,7,1.0,Team Heretics,15,5,7,3.0,1:03:42
VCT 2026: EMEA Stage 1,Playoffs,Grand Final,Team Vitality vs Team Heretics,Split,Team Vitality,11,5,6,0.0,Team Heretics,13,6,7,0.0,57:09
VCT 2026: EMEA Stage 1,Playoffs,Grand Final,Team Vitality vs Team Heretics,Haven,Team Vitality,13,5,7,1.0,Team Heretics,15,5,7,3.0,1:04:34
VCT 2026: EMEA Stage 1,Playoffs,Grand Final,Team Vitality vs Team Heretics,Pearl,Team Vitality,13,10,3,0.0,Team Heretics,7,5,2,0.0,45:25
VCT 2026: Pacific Stage 1,Group Stage,Week 1,Gen.G vs Global Esports,Bind,Gen.G,8,5,3,0.0,Global Esports,13,6,7,0.0,1:12:39
VCT 2026: Pacific Stage 1,Group Stage,Week 1,Gen.G vs Global Esports,Split,Gen.G,4,2,2,0.0,Global Esports,13,3,10,0.0,37:35
VCT 2026: Pacific Stage 1,Group Stage,Week 1,T1 vs VARREL,Haven,T1,13,4,9,0.0,VARREL,11,3,8,0.0,1:04:12
VCT 2026: Pacific Stage 1,Group Stage,Week 1,T1 vs VARREL,Pearl,T1,13,8,5,0.0,VARREL,4,0,4,0.0,44:57
VCT 2026: Pacific Stage 1,Group Stage,Week 1,Nongshim RedForce vs Paper Rex,Fracture,Nongshim RedForce,15,8,4,3.0,Paper Rex,13,8,4,1.0,1:13:24
VCT 2026: Pacific Stage 1,Group Stage,Week 1,Nongshim RedForce vs Paper Rex,Split,Nongshim RedForce,10,6,4,0.0,Paper Rex,13,7,6,0.0,45:23
VCT 2026: Pacific Stage 1,Group Stage,Week 1,Nongshim RedForce vs Paper Rex,Lotus,Nongshim RedForce,6,6,0,0.0,Paper Rex,13,7,6,0.0,42:53
VCT 2026: Pacific Stage 1,Group Stage,Week 1,FULL SENSE vs DetonatioN FocusMe,Pearl,FULL SENSE,13,9,4,0.0,DetonatioN FocusMe,6,3,3,0.0,46:44
VCT 2026: Pacific Stage 1,Group Stage,Week 1,FULL SENSE vs DetonatioN FocusMe,Bind,FULL SENSE,13,9,4,0.0,DetonatioN FocusMe,8,5,3,0.0,45:58
VCT 2026: Pacific Stage 1,Group Stage,Week 1,Team Secret vs KIWOOM DRX,Pearl,Team Secret,5,3,2,0.0,KIWOOM DRX,13,4,9,0.0,1:00:31
VCT 2026: Pacific Stage 1,Group Stage,Week 1,Team Secret vs KIWOOM DRX,Fracture,Team Secret,13,8,4,1.0,KIWOOM DRX,15,8,4,3.0,1:04:10
VCT 2026: Pacific Stage 1,Group Stage,Week 1,Rex Regum Qeon vs ZETA DIVISION,Split,Rex Regum Qeon,7,4,3,0.0,ZETA DIVISION,13,5,8,0.0,49:58
VCT 2026: Pacific Stage 1,Group Stage,Week 1,Rex Regum Qeon vs ZETA DIVISION,Fracture,Rex Regum Qeon,13,6,7,0.0,ZETA DIVISION,6,0,6,0.0,35:25
VCT 2026: Pacific Stage 1,Group Stage,Week 1,Rex Regum Qeon vs ZETA DIVISION,Haven,Rex Regum Qeon,13,4,9,0.0,ZETA DIVISION,11,3,8,0.0,53:29
VCT 2026: Pacific Stage 1,Group Stage,Week 2,DetonatioN FocusMe vs T1,Pearl,DetonatioN FocusMe,13,6,6,1.0,T1,15,6,6,3.0,1:22:20
VCT 2026: Pacific Stage 1,Group Stage,Week 2,DetonatioN FocusMe vs T1,Lotus,DetonatioN FocusMe,6,3,3,0.0,T1,13,4,9,0.0,45:17
VCT 2026: Pacific Stage 1,Group Stage,Week 2,Nongshim RedForce vs KIWOOM DRX,Haven,Nongshim RedForce,11,7,4,0.0,KIWOOM DRX,13,8,5,0.0,54:03
VCT 2026: Pacific Stage 1,Group Stage,Week 2,Nongshim RedForce vs KIWOOM DRX,Fracture,Nongshim RedForce,15,8,4,3.0,KIWOOM DRX,13,8,4,1.0,58:27
VCT 2026: Pacific Stage 1,Group Stage,Week 2,Nongshim RedForce vs KIWOOM DRX,Lotus,Nongshim RedForce,10,4,6,0.0,KIWOOM DRX,13,5,8,0.0,51:57
VCT 2026: Pacific Stage 1,Group Stage,Week 2,Team Secret vs Global Esports,Split,Team Secret,9,3,6,0.0,Global Esports,13,4,9,0.0,1:10:35
VCT 2026: Pacific Stage 1,Group Stage,Week 2,Team Secret vs Global Esports,Lotus,Team Secret,9,4,5,0.0,Global Esports,13,5,8,0.0,52:34
VCT 2026: Pacific Stage 1,Group Stage,Week 2,Rex Regum Qeon vs VARREL,Bind,Rex Regum Qeon,13,9,4,0.0,VARREL,11,8,3,0.0,1:02:11
VCT 2026: Pacific Stage 1,Group Stage,Week 2,Rex Regum Qeon vs VARREL,Split,Rex Regum Qeon,16,7,5,4.0,VARREL,14,7,5,2.0,1:09:36
VCT 2026: Pacific Stage 1,Group Stage,Week 2,FULL SENSE vs ZETA DIVISION,Fracture,FULL SENSE,13,8,5,0.0,ZETA DIVISION,6,2,4,0.0,53:43
VCT 2026: Pacific Stage 1,Group Stage,Week 2,FULL SENSE vs ZETA DIVISION,Split,FULL SENSE,13,8,5,0.0,ZETA DIVISION,7,3,4,0.0,36:41
VCT 2026: Pacific Stage 1,Group Stage,Week 2,Gen.G vs Paper Rex,Haven,Gen.G,17,5,7,5.0,Paper Rex,15,5,7,3.0,1:16:39
VCT 2026: Pacific Stage 1,Group Stage,Week 2,Gen.G vs Paper Rex,Fracture,Gen.G,3,3,0,0.0,Paper Rex,13,4,9,0.0,34:10
VCT 2026: Pacific Stage 1,Group Stage,Week 2,Gen.G vs Paper Rex,Lotus,Gen.G,13,10,3,0.0,Paper Rex,3,1,2,0.0,39:22
VCT 2026: Pacific Stage 1,Group Stage,Week 3,FULL SENSE vs VARREL,Haven,FULL SENSE,13,10,3,0.0,VARREL,5,3,2,0.0,1:01:39
VCT 2026: Pacific Stage 1,Group Stage,Week 3,FULL SENSE vs VARREL,Lotus,FULL SENSE,14,10,2,2.0,VARREL,12,10,2,0.0,1:00:47
VCT 2026: Pacific Stage 1,Group Stage,Week 3,Team Secret vs Paper Rex,Breeze,Team Secret,4,2,2,0.0,Paper Rex,13,3,10,0.0,39:58
VCT 2026: Pacific Stage 1,Group Stage,Week 3,Team Secret vs Paper Rex,Split,Team Secret,16,9,3,4.0,Paper Rex,18,9,3,6.0,1:09:49
VCT 2026: Pacific Stage 1,Group Stage,Week 3,KIWOOM DRX vs Global Esports,Fracture,KIWOOM DRX,13,9,4,0.0,Global Esports,8,5,3,0.0,1:07:42
VCT 2026: Pacific Stage 1,Group Stage,Week 3,KIWOOM DRX vs Global Esports,Haven,KIWOOM DRX,13,8,5,0.0,Global Esports,9,5,4,0.0,50:36
VCT 2026: Pacific Stage 1,Group Stage,Week 3,ZETA DIVISION vs DetonatioN FocusMe,Bind,ZETA DIVISION,13,5,8,0.0,DetonatioN FocusMe,10,3,7,0.0,58:20
VCT 2026: Pacific Stage 1,Group Stage,Week 3,ZETA DIVISION vs DetonatioN FocusMe,Lotus,ZETA DIVISION,7,2,5,0.0,DetonatioN FocusMe,13,3,10,0.0,39:47
VCT 2026: Pacific Stage 1,Group Stage,Week 3,ZETA DIVISION vs DetonatioN FocusMe,Pearl,ZETA DIVISION,5,2,3,0.0,DetonatioN FocusMe,13,3,10,0.0,44:34
VCT 2026: Pacific Stage 1,Group Stage,Week 3,Rex Regum Qeon vs T1,Pearl,Rex Regum Qeon,8,5,3,0.0,T1,13,6,7,0.0,1:11:20
VCT 2026: Pacific Stage 1,Group Stage,Week 3,Rex Regum Qeon vs T1,Bind,Rex Regum Qeon,10,3,7,0.0,T1,13,4,9,0.0,52:52
VCT 2026: Pacific Stage 1,Group Stage,Week 3,Nongshim RedForce vs Gen.G,Pearl,Nongshim RedForce,13,6,7,0.0,Gen.G,8,2,6,0.0,57:46
VCT 2026: Pacific Stage 1,Group Stage,Week 3,Nongshim RedForce vs Gen.G,Breeze,Nongshim RedForce,13,9,4,0.0,Gen.G,3,0,3,0.0,36:26
VCT 2026: Pacific Stage 1,Group Stage,Week 4,Rex Regum Qeon vs FULL SENSE,Pearl,Rex Regum Qeon,9,6,3,0.0,FULL SENSE,13,7,6,0.0,1:11:30
VCT 2026: Pacific Stage 1,Group Stage,Week 4,Rex Regum Qeon vs FULL SENSE,Haven,Rex Regum Qeon,13,7,6,0.0,FULL SENSE,10,5,5,0.0,47:50
VCT 2026: Pacific Stage 1,Group Stage,Week 4,Rex Regum Qeon vs FULL SENSE,Fracture,Rex Regum Qeon,13,11,2,0.0,FULL SENSE,3,2,1,0.0,35:53
VCT 2026: Pacific Stage 1,Group Stage,Week 4,Paper Rex vs Global Esports,Split,Paper Rex,13,10,3,0.0,Global Esports,3,1,2,0.0,37:32
VCT 2026: Pacific Stage 1,Group Stage,Week 4,Paper Rex vs Global Esports,Pearl,Paper Rex,13,4,9,0.0,Global Esports,8,0,8,0.0,49:28
VCT 2026: Pacific Stage 1,Group Stage,Week 4,Gen.G vs KIWOOM DRX,Haven,Gen.G,13,11,2,0.0,KIWOOM DRX,3,2,1,0.0,50:17
VCT 2026: Pacific Stage 1,Group Stage,Week 4,Gen.G vs KIWOOM DRX,Pearl,Gen.G,10,4,6,0.0,KIWOOM DRX,13,5,8,0.0,58:01
VCT 2026: Pacific Stage 1,Group Stage,Week 4,Gen.G vs KIWOOM DRX,Lotus,Gen.G,17,3,9,5.0,KIWOOM DRX,19,3,9,7.0,1:18:05
VCT 2026: Pacific Stage 1,Group Stage,Week 4,DetonatioN FocusMe vs VARREL,Lotus,DetonatioN FocusMe,13,6,7,0.0,VARREL,11,5,6,0.0,1:02:32
VCT 2026: Pacific Stage 1,Group Stage,Week 4,DetonatioN FocusMe vs VARREL,Haven,DetonatioN FocusMe,10,6,4,0.0,VARREL,13,7,6,0.0,52:15
VCT 2026: Pacific Stage 1,Group Stage,Week 4,DetonatioN FocusMe vs VARREL,Fracture,DetonatioN FocusMe,13,8,5,0.0,VARREL,9,5,4,0.0,54:12
VCT 2026: Pacific Stage 1,Group Stage,Week 4,T1 vs ZETA DIVISION,Haven,T1,13,9,4,0.0,ZETA DIVISION,6,3,3,0.0,1:01:33
VCT 2026: Pacific Stage 1,Group Stage,Week 4,T1 vs ZETA DIVISION,Lotus,T1,13,10,3,0.0,ZETA DIVISION,7,5,2,0.0,43:38
VCT 2026: Pacific Stage 1,Group Stage,Week 4,Nongshim RedForce vs Team Secret,Breeze,Nongshim RedForce,13,6,7,0.0,Team Secret,8,2,6,0.0,51:13
VCT 2026: Pacific Stage 1,Group Stage,Week 4,Nongshim RedForce vs Team Secret,Fracture,Nongshim RedForce,8,7,1,0.0,Team Secret,13,8,5,0.0,46:04
VCT 2026: Pacific Stage 1,Group Stage,Week 4,Nongshim RedForce vs Team Secret,Pearl,Nongshim RedForce,13,8,5,0.0,Team Secret,5,1,4,0.0,39:47
VCT 2026: Pacific Stage 1,Group Stage,Week 5,Gen.G vs Team Secret,Split,Gen.G,11,8,3,0.0,Team Secret,13,9,4,0.0,1:16:35
VCT 2026: Pacific Stage 1,Group Stage,Week 5,Gen.G vs Team Secret,Lotus,Gen.G,13,6,7,0.0,Team Secret,11,5,6,0.0,54:50
VCT 2026: Pacific Stage 1,Group Stage,Week 5,Gen.G vs Team Secret,Breeze,Gen.G,7,4,3,0.0,Team Secret,13,5,8,0.0,42:00
VCT 2026: Pacific Stage 1,Group Stage,Week 5,VARREL vs ZETA DIVISION,Bind,VARREL,13,5,8,0.0,ZETA DIVISION,10,3,7,0.0,54:29
VCT 2026: Pacific Stage 1,Group Stage,Week 5,VARREL vs ZETA DIVISION,Breeze,VARREL,9,3,6,0.0,ZETA DIVISION,13,4,9,0.0,45:10
VCT 2026: Pacific Stage 1,Group Stage,Week 5,VARREL vs ZETA DIVISION,Fracture,VARREL,9,6,3,0.0,ZETA DIVISION,13,7,6,0.0,44:46
VCT 2026: Pacific Stage 1,Group Stage,Week 5,T1 vs FULL SENSE,Pearl,T1,13,8,5,0.0,FULL SENSE,5,1,4,0.0,1:00:45
VCT 2026: Pacific Stage 1,Group Stage,Week 5,T1 vs FULL SENSE,Bind,T1,7,5,2,0.0,FULL SENSE,13,6,7,0.0,50:10
VCT 2026: Pacific Stage 1,Group Stage,Week 5,T1 vs FULL SENSE,Breeze,T1,13,7,6,0.0,FULL SENSE,9,4,5,0.0,53:50
VCT 2026: Pacific Stage 1,Group Stage,Week 5,Nongshim RedForce vs Global Esports,Breeze,Nongshim RedForce,5,3,2,0.0,Global Esports,13,4,9,0.0,45:37
VCT 2026: Pacific Stage 1,Group Stage,Week 5,Nongshim RedForce vs Global Esports,Bind,Nongshim RedForce,13,9,4,0.0,Global Esports,11,8,3,0.0,56:52
VCT 2026: Pacific Stage 1,Group Stage,Week 5,Nongshim RedForce vs Global Esports,Haven,Nongshim RedForce,12,4,8,0.0,Global Esports,14,4,8,2.0,59:32
VCT 2026: Pacific Stage 1,Group Stage,Week 5,Paper Rex vs KIWOOM DRX,Breeze,Paper Rex,13,10,3,0.0,KIWOOM DRX,5,3,2,0.0,55:29
VCT 2026: Pacific Stage 1,Group Stage,Week 5,Paper Rex vs KIWOOM DRX,Lotus,Paper Rex,13,9,4,0.0,KIWOOM DRX,5,2,3,0.0,36:32
VCT 2026: Pacific Stage 1,Group Stage,Week 5,Rex Regum Qeon vs DetonatioN FocusMe,Haven,Rex Regum Qeon,12,7,5,0.0,DetonatioN FocusMe,14,7,5,2.0,1:01:05
VCT 2026: Pacific Stage 1,Group Stage,Week 5,Rex Regum Qeon vs DetonatioN FocusMe,Lotus,Rex Regum Qeon,14,7,5,2.0,DetonatioN FocusMe,12,7,5,0.0,59:58
VCT 2026: Pacific Stage 1,Group Stage,Week 5,Rex Regum Qeon vs DetonatioN FocusMe,Fracture,Rex Regum Qeon,13,7,6,0.0,DetonatioN FocusMe,8,3,5,0.0,43:10
VCT 2026: Pacific Stage 1,Playoffs,Upper Round 1,Rex Regum Qeon vs Global Esports,Breeze,Rex Regum Qeon,11,7,4,0.0,Global Esports,13,8,5,0.0,1:16:37
VCT 2026: Pacific Stage 1,Playoffs,Upper Round 1,Rex Regum Qeon vs Global Esports,Pearl,Rex Regum Qeon,10,6,4,0.0,Global Esports,13,7,6,0.0,55:42
VCT 2026: Pacific Stage 1,Playoffs,Upper Round 1,KIWOOM DRX vs FULL SENSE,Lotus,KIWOOM DRX,9,7,2,0.0,FULL SENSE,13,8,5,0.0,59:19
VCT 2026: Pacific Stage 1,Playoffs,Upper Round 1,KIWOOM DRX vs FULL SENSE,Fracture,KIWOOM DRX,7,3,4,0.0,FULL SENSE,13,4,9,0.0,44:53
VCT 2026: Pacific Stage 1,Playoffs,Upper Semifinals,Paper Rex vs Global Esports,Breeze,Paper Rex,9,6,3,0.0,Global Esports,13,7,6,0.0,1:05:48
VCT 2026: Pacific Stage 1,Playoffs,Upper Semifinals,Paper Rex vs Global Esports,Lotus,Paper Rex,13,9,4,0.0,Global Esports,6,3,3,0.0,39:50
VCT 2026: Pacific Stage 1,Playoffs,Upper Semifinals,Paper Rex vs Global Esports,Pearl,Paper Rex,5,3,2,0.0,Global Esports,13,4,9,0.0,40:48
VCT 2026: Pacific Stage 1,Playoffs,Upper Semifinals,T1 vs FULL SENSE,Pearl,T1,9,4,5,0.0,FULL SENSE,13,5,8,0.0,1:16:39
VCT 2026: Pacific Stage 1,Playoffs,Upper Semifinals,T1 vs FULL SENSE,Lotus,T1,8,4,4,0.0,FULL SENSE,13,5,8,0.0,48:02
VCT 2026: Pacific Stage 1,Playoffs,Lower Round 1,Rex Regum Qeon vs DetonatioN FocusMe,Ascent,Rex Regum Qeon,9,4,5,0.0,DetonatioN FocusMe,13,5,8,0.0,1:10:43
VCT 2026: Pacific Stage 1,Playoffs,Lower Round 1,Rex Regum Qeon vs DetonatioN FocusMe,Breeze,Rex Regum Qeon,13,7,6,0.0,DetonatioN FocusMe,11,6,5,0.0,52:39
VCT 2026: Pacific Stage 1,Playoffs,Lower Round 1,Rex Regum Qeon vs DetonatioN FocusMe,Lotus,Rex Regum Qeon,13,6,7,0.0,DetonatioN FocusMe,8,2,6,0.0,52:31
VCT 2026: Pacific Stage 1,Playoffs,Lower Round 1,KIWOOM DRX vs Nongshim RedForce,Pearl,KIWOOM DRX,11,4,7,0.0,Nongshim RedForce,13,5,8,0.0,1:01:51
VCT 2026: Pacific Stage 1,Playoffs,Lower Round 1,KIWOOM DRX vs Nongshim RedForce,Split,KIWOOM DRX,13,8,5,0.0,Nongshim RedForce,6,2,4,0.0,42:22
VCT 2026: Pacific Stage 1,Playoffs,Lower Round 1,KIWOOM DRX vs Nongshim RedForce,Haven,KIWOOM DRX,13,10,3,0.0,Nongshim RedForce,9,7,2,0.0,49:35
VCT 2026: Pacific Stage 1,Playoffs,Lower Round 2,T1 vs Rex Regum Qeon,Haven,T1,13,8,5,0.0,Rex Regum Qeon,6,2,4,0.0,1:04:33
VCT 2026: Pacific Stage 1,Playoffs,Lower Round 2,T1 vs Rex Regum Qeon,Lotus,T1,10,8,2,0.0,Rex Regum Qeon,13,9,4,0.0,1:02:09
VCT 2026: Pacific Stage 1,Playoffs,Lower Round 2,T1 vs Rex Regum Qeon,Breeze,T1,13,9,4,0.0,Rex Regum Qeon,5,2,3,0.0,37:24
VCT 2026: Pacific Stage 1,Playoffs,Lower Round 2,Paper Rex vs KIWOOM DRX,Ascent,Paper Rex,13,6,7,0.0,KIWOOM DRX,8,2,6,0.0,56:41
VCT 2026: Pacific Stage 1,Playoffs,Lower Round 2,Paper Rex vs KIWOOM DRX,Breeze,Paper Rex,5,3,2,0.0,KIWOOM DRX,13,4,9,0.0,41:07
VCT 2026: Pacific Stage 1,Playoffs,Lower Round 2,Paper Rex vs KIWOOM DRX,Split,Paper Rex,13,11,2,0.0,KIWOOM DRX,1,0,1,0.0,30:28
VCT 2026: Pacific Stage 1,Playoffs,Upper Final,Global Esports vs FULL SENSE,Split,Global Esports,11,6,5,0.0,FULL SENSE,13,7,6,0.0,1:09:53
VCT 2026: Pacific Stage 1,Playoffs,Upper Final,Global Esports vs FULL SENSE,Breeze,Global Esports,8,2,6,0.0,FULL SENSE,13,3,10,0.0,41:55
VCT 2026: Pacific Stage 1,Playoffs,Lower Round 3,T1 vs Paper Rex,Split,T1,9,7,2,0.0,Paper Rex,13,8,5,0.0,1:11:12
VCT 2026: Pacific Stage 1,Playoffs,Lower Round 3,T1 vs Paper Rex,Ascent,T1,13,7,6,0.0,Paper Rex,10,5,5,0.0,51:59
VCT 2026: Pacific Stage 1,Playoffs,Lower Round 3,T1 vs Paper Rex,Breeze,T1,8,3,5,0.0,Paper Rex,13,4,9,0.0,40:38
VCT 2026: Pacific Stage 1,Playoffs,Lower Final,Global Esports vs Paper Rex,Haven,Global Esports,6,3,3,0.0,Paper Rex,13,4,9,0.0,59:01
VCT 2026: Pacific Stage 1,Playoffs,Lower Final,Global Esports vs Paper Rex,Lotus,Global Esports,4,3,1,0.0,Paper Rex,13,4,9,0.0,39:07
VCT 2026: Pacific Stage 1,Playoffs,Lower Final,Global Esports vs Paper Rex,Ascent,Global Esports,11,6,5,0.0,Paper Rex,13,7,6,0.0,52:07
VCT 2026: Pacific Stage 1,Playoffs,Grand Final,FULL SENSE vs Paper Rex,Pearl,FULL SENSE,10,7,3,0.0,Paper Rex,13,8,5,0.0,1:23:10
VCT 2026: Pacific Stage 1,Playoffs,Grand Final,FULL SENSE vs Paper Rex,Lotus,FULL SENSE,9,6,3,0.0,Paper Rex,13,7,6,0.0,42:12
VCT 2026: Pacific Stage 1,Playoffs,Grand Final,FULL SENSE vs Paper Rex,Fracture,FULL SENSE,10,6,4,0.0,Paper Rex,13,7,6,0.0,45:25
VCT 2026: China Stage 1,Group Stage,Week 1,Titan Esports Club vs All Gamers,Lotus,Titan Esports Club,7,5,2,0.0,All Gamers,13,6,7,0.0,1:04:54
VCT 2026: China Stage 1,Group Stage,Week 1,Titan Esports Club vs All Gamers,Bind,Titan Esports Club,13,8,5,0.0,All Gamers,8,4,4,0.0,47:48
VCT 2026: China Stage 1,Group Stage,Week 1,Titan Esports Club vs All Gamers,Breeze,Titan Esports Club,13,8,4,1.0,All Gamers,15,8,4,3.0,1:00:05
VCT 2026: China Stage 1,Group Stage,Week 1,Nova Esports vs EDward Gaming,Fracture,Nova Esports,2,1,1,0.0,EDward Gaming,13,2,11,0.0,43:34
VCT 2026: China Stage 1,Group Stage,Week 1,Nova Esports vs EDward Gaming,Breeze,Nova Esports,3,1,2,0.0,EDward Gaming,13,2,11,0.0,34:58
VCT 2026: China Stage 1,Group Stage,Week 1,JDG Esports vs FunPlus Phoenix,Lotus,JDG Esports,13,6,7,0.0,FunPlus Phoenix,8,2,6,0.0,59:03
VCT 2026: China Stage 1,Group Stage,Week 1,JDG Esports vs FunPlus Phoenix,Split,JDG Esports,13,9,4,0.0,FunPlus Phoenix,7,4,3,0.0,46:12
VCT 2026: China Stage 1,Group Stage,Week 1,JDG Esports vs FunPlus Phoenix,Pearl,JDG Esports,7,5,2,0.0,FunPlus Phoenix,13,6,7,0.0,46:21
VCT 2026: China Stage 1,Group Stage,Week 1,Dragon Ranger Gaming vs Xi Lai Gaming,Lotus,Dragon Ranger Gaming,4,4,0,0.0,Xi Lai Gaming,13,5,8,0.0,48:51
VCT 2026: China Stage 1,Group Stage,Week 1,Dragon Ranger Gaming vs Xi Lai Gaming,Bind,Dragon Ranger Gaming,11,3,8,0.0,Xi Lai Gaming,13,4,9,0.0,1:00:22
VCT 2026: China Stage 1,Group Stage,Week 1,Wolves Esports vs Trace Esports,Lotus,Wolves Esports,9,5,4,0.0,Trace Esports,13,6,7,0.0,1:05:26
VCT 2026: China Stage 1,Group Stage,Week 1,Wolves Esports vs Trace Esports,Bind,Wolves Esports,8,3,5,0.0,Trace Esports,13,4,9,0.0,47:12
VCT 2026: China Stage 1,Group Stage,Week 1,Bilibili Gaming vs TYLOO,Bind,Bilibili Gaming,7,4,3,0.0,TYLOO,13,5,8,0.0,1:02:45
VCT 2026: China Stage 1,Group Stage,Week 1,Bilibili Gaming vs TYLOO,Pearl,Bilibili Gaming,13,9,4,0.0,TYLOO,3,0,3,0.0,41:58
VCT 2026: China Stage 1,Group Stage,Week 1,Bilibili Gaming vs TYLOO,Breeze,Bilibili Gaming,8,4,4,0.0,TYLOO,13,5,8,0.0,47:22
VCT 2026: China Stage 1,Group Stage,Week 1,Dragon Ranger Gaming vs Nova Esports,Breeze,Dragon Ranger Gaming,13,10,3,0.0,Nova Esports,5,3,2,0.0,50:57
VCT 2026: China Stage 1,Group Stage,Week 1,Dragon Ranger Gaming vs Nova Esports,Haven,Dragon Ranger Gaming,13,8,5,0.0,Nova Esports,7,3,4,0.0,43:07
VCT 2026: China Stage 1,Group Stage,Week 1,FunPlus Phoenix vs All Gamers,Split,FunPlus Phoenix,13,7,6,0.0,All Gamers,5,0,5,0.0,52:29
VCT 2026: China Stage 1,Group Stage,Week 1,FunPlus Phoenix vs All Gamers,Pearl,FunPlus Phoenix,13,10,3,0.0,All Gamers,6,4,2,0.0,42:56
VCT 2026: China Stage 1,Group Stage,Week 1,TYLOO vs Titan Esports Club,Split,TYLOO,15,8,4,3.0,Titan Esports Club,13,8,4,1.0,1:13:27
VCT 2026: China Stage 1,Group Stage,Week 1,TYLOO vs Titan Esports Club,Fracture,TYLOO,13,9,4,0.0,Titan Esports Club,5,2,3,0.0,39:32
VCT 2026: China Stage 1,Group Stage,Week 1,Wolves Esports vs EDward Gaming,Fracture,Wolves Esports,9,2,7,0.0,EDward Gaming,13,3,10,0.0,57:35
VCT 2026: China Stage 1,Group Stage,Week 1,Wolves Esports vs EDward Gaming,Lotus,Wolves Esports,10,5,5,0.0,EDward Gaming,13,6,7,0.0,52:14
VCT 2026: China Stage 1,Group Stage,Week 1,Trace Esports vs Xi Lai Gaming,Breeze,Trace Esports,13,4,9,0.0,Xi Lai Gaming,9,1,8,0.0,1:02:12
VCT 2026: China Stage 1,Group Stage,Week 1,Trace Esports vs Xi Lai Gaming,Lotus,Trace Esports,7,6,1,0.0,Xi Lai Gaming,13,7,6,0.0,46:19
VCT 2026: China Stage 1,Group Stage,Week 1,Trace Esports vs Xi Lai Gaming,Bind,Trace Esports,10,9,1,0.0,Xi Lai Gaming,13,10,3,0.0,53:51
VCT 2026: China Stage 1,Group Stage,Week 1,Bilibili Gaming vs JDG Esports,Haven,Bilibili Gaming,13,8,5,0.0,JDG Esports,4,0,4,0.0,52:05
VCT 2026: China Stage 1,Group Stage,Week 1,Bilibili Gaming vs JDG Esports,Fracture,Bilibili Gaming,13,8,5,0.0,JDG Esports,6,2,4,0.0,36:05
VCT 2026: China Stage 1,Group Stage,Week 2,FunPlus Phoenix vs TYLOO,Bind,FunPlus Phoenix,5,4,1,0.0,TYLOO,13,5,8,0.0,54:31
VCT 2026: China Stage 1,Group Stage,Week 2,FunPlus Phoenix vs TYLOO,Split,FunPlus Phoenix,14,6,6,2.0,TYLOO,12,6,6,0.0,
VCT 2026: China Stage 1,Group Stage,Week 2,FunPlus Phoenix vs TYLOO,Pearl,FunPlus Phoenix,13,7,6,0.0,TYLOO,11,6,5,0.0,
VCT 2026: China Stage 1,Group Stage,Week 2,Titan Esports Club vs Bilibili Gaming,Fracture,Titan Esports Club,13,9,4,0.0,Bilibili Gaming,10,7,3,0.0,1:01:43
VCT 2026: China Stage 1,Group Stage,Week 2,Titan Esports Club vs Bilibili Gaming,Breeze,Titan Esports Club,15,7,5,3.0,Bilibili Gaming,13,7,5,1.0,1:01:18
VCT 2026: China Stage 1,Group Stage,Week 2,Xi Lai Gaming vs Nova Esports,Haven,Xi Lai Gaming,13,8,5,0.0,Nova Esports,8,4,4,0.0,57:47
VCT 2026: China Stage 1,Group Stage,Week 2,Xi Lai Gaming vs Nova Esports,Bind,Xi Lai Gaming,13,8,5,0.0,Nova Esports,11,7,4,0.0,51:11
VCT 2026: China Stage 1,Group Stage,Week 2,EDward Gaming vs Trace Esports,Lotus,EDward Gaming,13,8,5,0.0,Trace Esports,4,0,4,0.0,50:11
VCT 2026: China Stage 1,Group Stage,Week 2,EDward Gaming vs Trace Esports,Haven,EDward Gaming,14,4,8,2.0,Trace Esports,12,4,8,0.0,58:23
VCT 2026: China Stage 1,Group Stage,Week 2,JDG Esports vs All Gamers,Lotus,JDG Esports,5,5,0,0.0,All Gamers,13,6,7,0.0,55:16
VCT 2026: China Stage 1,Group Stage,Week 2,JDG Esports vs All Gamers,Haven,JDG Esports,10,7,3,0.0,All Gamers,13,8,5,0.0,55:05
VCT 2026: China Stage 1,Group Stage,Week 2,Dragon Ranger Gaming vs Wolves Esports,Breeze,Dragon Ranger Gaming,13,11,2,0.0,Wolves Esports,1,0,1,0.0,47:13
VCT 2026: China Stage 1,Group Stage,Week 2,Dragon Ranger Gaming vs Wolves Esports,Pearl,Dragon Ranger Gaming,6,6,0,0.0,Wolves Esports,13,7,6,0.0,49:24
VCT 2026: China Stage 1,Group Stage,Week 2,Dragon Ranger Gaming vs Wolves Esports,Lotus,Dragon Ranger Gaming,13,8,5,0.0,Wolves Esports,9,5,4,0.0,48:05
VCT 2026: China Stage 1,Group Stage,Week 2,Nova Esports vs Trace Esports,Lotus,Nova Esports,12,7,5,0.0,Trace Esports,14,7,5,2.0,1:09:50
VCT 2026: China Stage 1,Group Stage,Week 2,Nova Esports vs Trace Esports,Split,Nova Esports,10,5,5,0.0,Trace Esports,13,6,7,0.0,55:11
VCT 2026: China Stage 1,Group Stage,Week 2,FunPlus Phoenix vs Bilibili Gaming,Lotus,FunPlus Phoenix,8,5,3,0.0,Bilibili Gaming,13,6,7,0.0,57:11
VCT 2026: China Stage 1,Group Stage,Week 2,FunPlus Phoenix vs Bilibili Gaming,Fracture,FunPlus Phoenix,13,5,8,0.0,Bilibili Gaming,9,2,7,0.0,47:50
VCT 2026: China Stage 1,Group Stage,Week 2,FunPlus Phoenix vs Bilibili Gaming,Pearl,FunPlus Phoenix,2,2,0,0.0,Bilibili Gaming,13,3,10,0.0,37:33
VCT 2026: China Stage 1,Group Stage,Week 2,All Gamers vs TYLOO,Bind,All Gamers,5,4,1,0.0,TYLOO,13,5,8,0.0,54:40
VCT 2026: China Stage 1,Group Stage,Week 2,All Gamers vs TYLOO,Haven,All Gamers,13,5,8,0.0,TYLOO,9,2,7,0.0,47:54
VCT 2026: China Stage 1,Group Stage,Week 2,All Gamers vs TYLOO,Breeze,All Gamers,6,4,2,0.0,TYLOO,13,5,8,0.0,42:24
VCT 2026: China Stage 1,Group Stage,Week 2,EDward Gaming vs Dragon Ranger Gaming,Breeze,EDward Gaming,13,7,6,0.0,Dragon Ranger Gaming,5,0,5,0.0,1:01:42
VCT 2026: China Stage 1,Group Stage,Week 2,EDward Gaming vs Dragon Ranger Gaming,Lotus,EDward Gaming,6,3,3,0.0,Dragon Ranger Gaming,13,4,9,0.0,42:40
VCT 2026: China Stage 1,Group Stage,Week 2,EDward Gaming vs Dragon Ranger Gaming,Split,EDward Gaming,13,6,7,0.0,Dragon Ranger Gaming,9,3,6,0.0,47:12
VCT 2026: China Stage 1,Group Stage,Week 2,JDG Esports vs Titan Esports Club,Fracture,JDG Esports,14,6,6,2.0,Titan Esports Club,12,6,6,0.0,1:08:59
VCT 2026: China Stage 1,Group Stage,Week 2,JDG Esports vs Titan Esports Club,Haven,JDG Esports,13,7,6,0.0,Titan Esports Club,9,4,5,0.0,47:05
VCT 2026: China Stage 1,Group Stage,Week 2,Xi Lai Gaming vs Wolves Esports,Fracture,Xi Lai Gaming,10,3,7,0.0,Wolves Esports,13,4,9,0.0,1:04:58
VCT 2026: China Stage 1,Group Stage,Week 2,Xi Lai Gaming vs Wolves Esports,Bind,Xi Lai Gaming,13,8,5,0.0,Wolves Esports,10,6,4,0.0,52:38
VCT 2026: China Stage 1,Group Stage,Week 2,Xi Lai Gaming vs Wolves Esports,Lotus,Xi Lai Gaming,13,7,6,0.0,Wolves Esports,7,2,5,0.0,42:20
VCT 2026: China Stage 1,Group Stage,Week 3,TYLOO vs JDG Esports,Bind,TYLOO,15,8,4,3.0,JDG Esports,17,8,4,5.0,1:24:49
VCT 2026: China Stage 1,Group Stage,Week 3,TYLOO vs JDG Esports,Haven,TYLOO,8,3,5,0.0,JDG Esports,13,4,9,0.0,48:55
VCT 2026: China Stage 1,Group Stage,Week 3,Trace Esports vs Dragon Ranger Gaming,Lotus,Trace Esports,13,9,4,0.0,Dragon Ranger Gaming,5,2,3,0.0,55:03
VCT 2026: China Stage 1,Group Stage,Week 3,Trace Esports vs Dragon Ranger Gaming,Bind,Trace Esports,11,3,8,0.0,Dragon Ranger Gaming,13,4,9,0.0,54:17
VCT 2026: China Stage 1,Group Stage,Week 3,Trace Esports vs Dragon Ranger Gaming,Breeze,Trace Esports,10,7,3,0.0,Dragon Ranger Gaming,13,8,5,0.0,53:25
VCT 2026: China Stage 1,Group Stage,Week 3,Titan Esports Club vs FunPlus Phoenix,Fracture,Titan Esports Club,13,10,3,0.0,FunPlus Phoenix,2,0,2,0.0,44:49
VCT 2026: China Stage 1,Group Stage,Week 3,Titan Esports Club vs FunPlus Phoenix,Split,Titan Esports Club,13,6,7,0.0,FunPlus Phoenix,10,4,6,0.0,46:19
VCT 2026: China Stage 1,Group Stage,Week 3,All Gamers vs Bilibili Gaming,Lotus,All Gamers,13,5,8,0.0,Bilibili Gaming,7,0,7,0.0,55:37
VCT 2026: China Stage 1,Group Stage,Week 3,All Gamers vs Bilibili Gaming,Pearl,All Gamers,3,3,0,0.0,Bilibili Gaming,13,4,9,0.0,40:29
VCT 2026: China Stage 1,Group Stage,Week 3,All Gamers vs Bilibili Gaming,Bind,All Gamers,13,9,4,0.0,Bilibili Gaming,7,4,3,0.0,49:04
VCT 2026: China Stage 1,Group Stage,Week 3,Nova Esports vs Wolves Esports,Lotus,Nova Esports,13,4,9,0.0,Wolves Esports,10,2,8,0.0,1:02:42
VCT 2026: China Stage 1,Group Stage,Week 3,Nova Esports vs Wolves Esports,Fracture,Nova Esports,13,5,8,0.0,Wolves Esports,8,1,7,0.0,40:38
VCT 2026: China Stage 1,Group Stage,Week 3,EDward Gaming vs Xi Lai Gaming,Lotus,EDward Gaming,13,9,4,0.0,Xi Lai Gaming,8,5,3,0.0,58:47
VCT 2026: China Stage 1,Group Stage,Week 3,EDward Gaming vs Xi Lai Gaming,Haven,EDward Gaming,9,4,5,0.0,Xi Lai Gaming,13,5,8,0.0,44:55
VCT 2026: China Stage 1,Group Stage,Week 3,EDward Gaming vs Xi Lai Gaming,Split,EDward Gaming,5,4,1,0.0,Xi Lai Gaming,13,5,8,0.0,37:46
VCT 2026: China Stage 1,Group Stage,Seeding,TYLOO vs Dragon Ranger Gaming,Haven,TYLOO,13,8,5,0.0,Dragon Ranger Gaming,10,6,4,0.0,1:03:22
VCT 2026: China Stage 1,Group Stage,Seeding,TYLOO vs Dragon Ranger Gaming,Breeze,TYLOO,13,7,6,0.0,Dragon Ranger Gaming,7,2,5,0.0,41:29
VCT 2026: China Stage 1,Group Stage,Seeding,JDG Esports vs EDward Gaming,Fracture,JDG Esports,13,9,4,0.0,EDward Gaming,9,6,3,0.0,1:04:49
VCT 2026: China Stage 1,Group Stage,Seeding,JDG Esports vs EDward Gaming,Haven,JDG Esports,8,6,2,0.0,EDward Gaming,13,7,6,0.0,41:10
VCT 2026: China Stage 1,Group Stage,Seeding,JDG Esports vs EDward Gaming,Bind,JDG Esports,12,6,6,0.0,EDward Gaming,14,6,6,2.0,1:00:28
VCT 2026: China Stage 1,Group Stage,Seeding,Titan Esports Club vs Trace Esports,Fracture,Titan Esports Club,13,9,4,0.0,Trace Esports,8,5,3,0.0,1:11:34
VCT 2026: China Stage 1,Group Stage,Seeding,Titan Esports Club vs Trace Esports,Split,Titan Esports Club,9,6,3,0.0,Trace Esports,13,7,6,0.0,44:39
VCT 2026: China Stage 1,Group Stage,Seeding,Titan Esports Club vs Trace Esports,Breeze,Titan Esports Club,8,4,4,0.0,Trace Esports,13,5,8,0.0,49:52
VCT 2026: China Stage 1,Group Stage,Seeding,All Gamers vs Xi Lai Gaming,Lotus,All Gamers,13,6,7,0.0,Xi Lai Gaming,8,2,6,0.0,1:04:23
VCT 2026: China Stage 1,Group Stage,Seeding,All Gamers vs Xi Lai Gaming,Bind,All Gamers,5,2,3,0.0,Xi Lai Gaming,13,3,10,0.0,40:51
VCT 2026: China Stage 1,Group Stage,Seeding,All Gamers vs Xi Lai Gaming,Split,All Gamers,8,6,2,0.0,Xi Lai Gaming,13,7,6,0.0,48:41
VCT 2026: China Stage 1,Playoffs,Upper Quarterfinals,Xi Lai Gaming vs Titan Esports Club,Breeze,Xi Lai Gaming,13,7,6,0.0,Titan Esports Club,9,4,5,0.0,1:09:02
VCT 2026: China Stage 1,Playoffs,Upper Quarterfinals,Xi Lai Gaming vs Titan Esports Club,Lotus,Xi Lai Gaming,13,9,4,0.0,Titan Esports Club,7,4,3,0.0,43:02
VCT 2026: China Stage 1,Playoffs,Upper Quarterfinals,JDG Esports vs TYLOO,Haven,JDG Esports,13,10,3,0.0,TYLOO,2,0,2,0.0,47:47
VCT 2026: China Stage 1,Playoffs,Upper Quarterfinals,JDG Esports vs TYLOO,Fracture,JDG Esports,9,9,0,0.0,TYLOO,13,10,3,0.0,49:10
VCT 2026: China Stage 1,Playoffs,Upper Quarterfinals,JDG Esports vs TYLOO,Pearl,JDG Esports,13,5,8,0.0,TYLOO,10,3,7,0.0,55:25
VCT 2026: China Stage 1,Playoffs,Upper Quarterfinals,All Gamers vs Trace Esports,Split,All Gamers,13,7,6,0.0,Trace Esports,6,1,5,0.0,
VCT 2026: China Stage 1,Playoffs,Upper Quarterfinals,All Gamers vs Trace Esports,Lotus,All Gamers,13,8,5,0.0,Trace Esports,6,2,4,0.0,
VCT 2026: China Stage 1,Playoffs,Upper Quarterfinals,EDward Gaming vs Dragon Ranger Gaming,Lotus,EDward Gaming,7,5,2,0.0,Dragon Ranger Gaming,13,6,7,0.0,54:44
VCT 2026: China Stage 1,Playoffs,Upper Quarterfinals,EDward Gaming vs Dragon Ranger Gaming,Split,EDward Gaming,13,10,3,0.0,Dragon Ranger Gaming,7,5,2,0.0,43:40
VCT 2026: China Stage 1,Playoffs,Upper Quarterfinals,EDward Gaming vs Dragon Ranger Gaming,Breeze,EDward Gaming,13,9,4,0.0,Dragon Ranger Gaming,7,4,3,0.0,42:50
VCT 2026: China Stage 1,Playoffs,Lower Round 1,Titan Esports Club vs TYLOO,Pearl,Titan Esports Club,13,7,6,0.0,TYLOO,8,3,5,0.0,1:02:50
VCT 2026: China Stage 1,Playoffs,Lower Round 1,Titan Esports Club vs TYLOO,Fracture,Titan Esports Club,9,3,6,0.0,TYLOO,13,4,9,0.0,49:07
VCT 2026: China Stage 1,Playoffs,Lower Round 1,Titan Esports Club vs TYLOO,Split,Titan Esports Club,11,3,8,0.0,TYLOO,13,4,9,0.0,57:40
VCT 2026: China Stage 1,Playoffs,Lower Round 1,Trace Esports vs Dragon Ranger Gaming,Ascent,Trace Esports,7,2,5,0.0,Dragon Ranger Gaming,13,3,10,0.0,59:56
VCT 2026: China Stage 1,Playoffs,Lower Round 1,Trace Esports vs Dragon Ranger Gaming,Lotus,Trace Esports,6,6,0,0.0,Dragon Ranger Gaming,13,7,6,0.0,39:24
VCT 2026: China Stage 1,Playoffs,Upper Semifinals,Xi Lai Gaming vs JDG Esports,Lotus,Xi Lai Gaming,13,12,1,0.0,JDG Esports,0,0,0,0.0,45:12
VCT 2026: China Stage 1,Playoffs,Upper Semifinals,Xi Lai Gaming vs JDG Esports,Pearl,Xi Lai Gaming,13,8,5,0.0,JDG Esports,5,1,4,0.0,37:13
VCT 2026: China Stage 1,Playoffs,Upper Semifinals,All Gamers vs EDward Gaming,Fracture,All Gamers,7,7,0,0.0,EDward Gaming,13,8,5,0.0,58:56
VCT 2026: China Stage 1,Playoffs,Upper Semifinals,All Gamers vs EDward Gaming,Lotus,All Gamers,6,2,4,0.0,EDward Gaming,13,3,10,0.0,41:53
VCT 2026: China Stage 1,Playoffs,Lower Round 2,JDG Esports vs Dragon Ranger Gaming,Haven,JDG Esports,9,8,1,0.0,Dragon Ranger Gaming,13,9,4,0.0,1:04:53
VCT 2026: China Stage 1,Playoffs,Lower Round 2,JDG Esports vs Dragon Ranger Gaming,Lotus,JDG Esports,4,3,1,0.0,Dragon Ranger Gaming,13,4,9,0.0,35:48
VCT 2026: China Stage 1,Playoffs,Lower Round 2,All Gamers vs TYLOO,Fracture,All Gamers,13,8,5,0.0,TYLOO,4,0,4,0.0,52:02
VCT 2026: China Stage 1,Playoffs,Lower Round 2,All Gamers vs TYLOO,Haven,All Gamers,10,4,6,0.0,TYLOO,13,5,8,0.0,52:54
VCT 2026: China Stage 1,Playoffs,Lower Round 2,All Gamers vs TYLOO,Split,All Gamers,13,6,7,0.0,TYLOO,10,4,6,0.0,58:21
VCT 2026: China Stage 1,Playoffs,Upper Final,Xi Lai Gaming vs EDward Gaming,Split,Xi Lai Gaming,9,5,4,0.0,EDward Gaming,13,6,7,0.0,1:01:54
VCT 2026: China Stage 1,Playoffs,Upper Final,Xi Lai Gaming vs EDward Gaming,Breeze,Xi Lai Gaming,8,4,4,0.0,EDward Gaming,13,5,8,0.0,44:16
VCT 2026: China Stage 1,Playoffs,Lower Round 3,All Gamers vs Dragon Ranger Gaming,Lotus,All Gamers,8,5,3,0.0,Dragon Ranger Gaming,13,6,7,0.0,58:29
VCT 2026: China Stage 1,Playoffs,Lower Round 3,All Gamers vs Dragon Ranger Gaming,Split,All Gamers,13,8,5,0.0,Dragon Ranger Gaming,8,4,4,0.0,49:25
VCT 2026: China Stage 1,Playoffs,Lower Round 3,All Gamers vs Dragon Ranger Gaming,Haven,All Gamers,6,4,2,0.0,Dragon Ranger Gaming,13,5,8,0.0,43:19
VCT 2026: China Stage 1,Playoffs,Lower Final,Xi Lai Gaming vs Dragon Ranger Gaming,Lotus,Xi Lai Gaming,13,10,3,0.0,Dragon Ranger Gaming,2,0,2,0.0,50:09
VCT 2026: China Stage 1,Playoffs,Lower Final,Xi Lai Gaming vs Dragon Ranger Gaming,Breeze,Xi Lai Gaming,13,9,4,0.0,Dragon Ranger Gaming,6,3,3,0.0,42:31
VCT 2026: China Stage 1,Playoffs,Lower Final,Xi Lai Gaming vs Dragon Ranger Gaming,Haven,Xi Lai Gaming,10,3,7,0.0,Dragon Ranger Gaming,13,4,9,0.0,47:49
VCT 2026: China Stage 1,Playoffs,Lower Final,Xi Lai Gaming vs Dragon Ranger Gaming,Split,Xi Lai Gaming,13,7,6,0.0,Dragon Ranger Gaming,11,6,5,0.0,54:54
VCT 2026: China Stage 1,Playoffs,Grand Final,EDward Gaming vs Xi Lai Gaming,Fracture,EDward Gaming,6,3,3,0.0,Xi Lai Gaming,13,4,9,0.0,1:06:32
VCT 2026: China Stage 1,Playoffs,Grand Final,EDward Gaming vs Xi Lai Gaming,Split,EDward Gaming,15,8,4,3.0,Xi Lai Gaming,13,8,4,1.0,1:02:57
VCT 2026: China Stage 1,Playoffs,Grand Final,EDward Gaming vs Xi Lai Gaming,Breeze,EDward Gaming,13,9,4,0.0,Xi Lai Gaming,5,2,3,0.0,36:16
VCT 2026: China Stage 1,Playoffs,Grand Final,EDward Gaming vs Xi Lai Gaming,Haven,EDward Gaming,9,6,3,0.0,Xi Lai Gaming,13,7,6,0.0,51:53
VCT 2026: China Stage 1,Playoffs,Grand Final,EDward Gaming vs Xi Lai Gaming,Pearl,EDward Gaming,13,8,5,0.0,Xi Lai Gaming,4,0,4,0.0,35:00
Valorant Masters Santiago 2026,Swiss Stage,Round 1,Gentle Mates vs EDward Gaming,Haven,Gentle Mates,13,8,5,0.0,EDward Gaming,11,7,4,0.0,54:30
Valorant Masters Santiago 2026,Swiss Stage,Round 1,Gentle Mates vs EDward Gaming,Pearl,Gentle Mates,13,6,7,0.0,EDward Gaming,7,1,6,0.0,45:24
Valorant Masters Santiago 2026,Swiss Stage,Round 1,Xi Lai Gaming vs NRG,Haven,Xi Lai Gaming,2,2,0,0.0,Mega Minors,13,3,10,0.0,35:28
Valorant Masters Santiago 2026,Swiss Stage,Round 1,Xi Lai Gaming vs NRG,Abyss,Xi Lai Gaming,10,3,7,0.0,Mega Minors,13,4,9,0.0,50:40
Valorant Masters Santiago 2026,Swiss Stage,Round 1,G2 Esports vs Paper Rex,Split,G2 Esports,9,4,5,0.0,Paper Rex,13,5,8,0.0,43:53
Valorant Masters Santiago 2026,Swiss Stage,Round 1,G2 Esports vs Paper Rex,Corrode,G2 Esports,5,5,0,0.0,Paper Rex,13,6,7,0.0,37:12
Valorant Masters Santiago 2026,Swiss Stage,Round 1,T1 vs Team Liquid,Breeze,T1,8,4,4,0.0,Team Liquid,13,5,8,0.0,41:05
Valorant Masters Santiago 2026,Swiss Stage,Round 1,T1 vs Team Liquid,Split,T1,13,7,5,1.0,Team Liquid,15,7,5,3.0,56:37
Valorant Masters Santiago 2026,Swiss Stage,Round 2 (1-0),Paper Rex vs NRG,Split,Paper Rex,13,6,7,0.0,Mega Minors,10,4,6,0.0,49:53
Valorant Masters Santiago 2026,Swiss Stage,Round 2 (1-0),Paper Rex vs NRG,Pearl,Paper Rex,10,5,5,0.0,Mega Minors,13,6,7,0.0,52:48
Valorant Masters Santiago 2026,Swiss Stage,Round 2 (1-0),Paper Rex vs NRG,Haven,Paper Rex,13,8,5,0.0,Mega Minors,11,7,4,0.0,55:43
Valorant Masters Santiago 2026,Swiss Stage,Round 2 (1-0),Gentle Mates vs Team Liquid,Pearl,Gentle Mates,13,6,7,0.0,Team Liquid,11,5,6,0.0,48:24
Valorant Masters Santiago 2026,Swiss Stage,Round 2 (1-0),Gentle Mates vs Team Liquid,Bind,Gentle Mates,13,10,3,0.0,Team Liquid,3,1,2,0.0,32:57
Valorant Masters Santiago 2026,Swiss Stage,Round 2 (0-1),EDward Gaming vs T1,Bind,EDward Gaming,1,1,0,0.0,T1,13,2,11,0.0,30:50
Valorant Masters Santiago 2026,Swiss Stage,Round 2 (0-1),EDward Gaming vs T1,Haven,EDward Gaming,10,4,6,0.0,T1,13,5,8,0.0,50:03
Valorant Masters Santiago 2026,Swiss Stage,Round 2 (0-1),Xi Lai Gaming vs G2 Esports,Abyss,Xi Lai Gaming,8,6,2,0.0,G2 Esports,13,7,6,0.0,42:01
Valorant Masters Santiago 2026,Swiss Stage,Round 2 (0-1),Xi Lai Gaming vs G2 Esports,Haven,Xi Lai Gaming,3,3,0,0.0,G2 Esports,13,4,9,0.0,36:54
Valorant Masters Santiago 2026,Swiss Stage,Round 3,NRG vs Team Liquid,Breeze,Mega Minors,13,5,8,0.0,Team Liquid,11,4,7,0.0,50:03
Valorant Masters Santiago 2026,Swiss Stage,Round 3,NRG vs Team Liquid,Abyss,Mega Minors,13,8,5,0.0,Team Liquid,4,0,4,0.0,39:31
Valorant Masters Santiago 2026,Swiss Stage,Round 3,G2 Esports vs T1,Breeze,G2 Esports,13,7,6,0.0,T1,6,1,5,0.0,42:33
Valorant Masters Santiago 2026,Swiss Stage,Round 3,G2 Esports vs T1,Haven,G2 Esports,16,2,10,4.0,T1,14,2,10,2.0,1:08:59
Valorant Masters Santiago 2026,Playoffs,Upper Quarterfinals,FURIA vs Paper Rex,Haven,FURIA,13,6,7,0.0,Paper Rex,9,3,6,0.0,47:01
Valorant Masters Santiago 2026,Playoffs,Upper Quarterfinals,FURIA vs Paper Rex,Breeze,FURIA,4,3,1,0.0,Paper Rex,13,4,9,0.0,37:20
Valorant Masters Santiago 2026,Playoffs,Upper Quarterfinals,FURIA vs Paper Rex,Split,FURIA,7,7,0,0.0,Paper Rex,13,8,5,0.0,45:01
Valorant Masters Santiago 2026,Playoffs,Upper Quarterfinals,Nongshim RedForce vs Gentle Mates,Haven,Nongshim RedForce,13,7,6,0.0,Gentle Mates,10,5,5,0.0,41:12
Valorant Masters Santiago 2026,Playoffs,Upper Quarterfinals,Nongshim RedForce vs Gentle Mates,Corrode,Nongshim RedForce,13,5,8,0.0,Gentle Mates,10,3,7,0.0,43:33
Valorant Masters Santiago 2026,Playoffs,Upper Quarterfinals,BBL Esports vs NRG,Pearl,BBL Esports,6,3,3,0.0,Mega Minors,13,4,9,0.0,42:19
Valorant Masters Santiago 2026,Playoffs,Upper Quarterfinals,BBL Esports vs NRG,Abyss,BBL Esports,13,9,4,0.0,Mega Minors,6,3,3,0.0,41:16
Valorant Masters Santiago 2026,Playoffs,Upper Quarterfinals,BBL Esports vs NRG,Split,BBL Esports,15,7,5,3.0,Mega Minors,17,7,5,5.0,1:11:32
Valorant Masters Santiago 2026,Playoffs,Upper Quarterfinals,All Gamers vs G2 Esports,Split,All Gamers,6,4,2,0.0,G2 Esports,13,5,8,0.0,44:37
Valorant Masters Santiago 2026,Playoffs,Upper Quarterfinals,All Gamers vs G2 Esports,Abyss,All Gamers,4,3,1,0.0,G2 Esports,13,4,9,0.0,37:59
Valorant Masters Santiago 2026,Playoffs,Lower Round 1,FURIA vs BBL Esports,Haven,FURIA,7,3,4,0.0,BBL Esports,13,4,9,0.0,49:43
Valorant Masters Santiago 2026,Playoffs,Lower Round 1,FURIA vs BBL Esports,Breeze,FURIA,13,7,6,0.0,BBL Esports,10,5,5,0.0,48:37
Valorant Masters Santiago 2026,Playoffs,Lower Round 1,FURIA vs BBL Esports,Abyss,FURIA,11,3,8,0.0,BBL Esports,13,4,9,0.0,56:12
Valorant Masters Santiago 2026,Playoffs,Lower Round 1,Gentle Mates vs All Gamers,Pearl,Gentle Mates,13,8,5,0.0,All Gamers,5,1,4,0.0,39:41
Valorant Masters Santiago 2026,Playoffs,Lower Round 1,Gentle Mates vs All Gamers,Split,Gentle Mates,4,4,0,0.0,All Gamers,13,5,8,0.0,39:18
Valorant Masters Santiago 2026,Playoffs,Lower Round 1,Gentle Mates vs All Gamers,Bind,Gentle Mates,8,8,0,0.0,All Gamers,13,9,4,0.0,49:47
Valorant Masters Santiago 2026,Playoffs,Upper Semifinals,Nongshim RedForce vs G2 Esports,Corrode,Nongshim RedForce,13,10,3,0.0,G2 Esports,7,5,2,0.0,39:18
Valorant Masters Santiago 2026,Playoffs,Upper Semifinals,Nongshim RedForce vs G2 Esports,Split,Nongshim RedForce,14,8,4,2.0,G2 Esports,12,8,4,0.0,1:00:57
Valorant Masters Santiago 2026,Playoffs,Upper Semifinals,Nongshim RedForce vs G2 Esports,Abyss,Nongshim RedForce,7,5,2,0.0,G2 Esports,13,6,7,0.0,43:15
Valorant Masters Santiago 2026,Playoffs,Upper Semifinals,Paper Rex vs NRG,Pearl,Paper Rex,12,5,7,0.0,Mega Minors,14,5,7,2.0,1:00:22
Valorant Masters Santiago 2026,Playoffs,Upper Semifinals,Paper Rex vs NRG,Bind,Paper Rex,11,4,7,0.0,Mega Minors,13,5,8,0.0,58:09
Valorant Masters Santiago 2026,Playoffs,Lower Round 2,G2 Esports vs BBL Esports,Haven,G2 Esports,13,11,2,0.0,BBL Esports,5,4,1,0.0,40:29
Valorant Masters Santiago 2026,Playoffs,Lower Round 2,G2 Esports vs BBL Esports,Breeze,G2 Esports,13,6,7,0.0,BBL Esports,8,2,6,0.0,44:58
Valorant Masters Santiago 2026,Playoffs,Lower Round 2,Paper Rex vs All Gamers,Corrode,Paper Rex,10,3,7,0.0,All Gamers,13,4,9,0.0,55:50
Valorant Masters Santiago 2026,Playoffs,Lower Round 2,Paper Rex vs All Gamers,Pearl,Paper Rex,13,6,7,0.0,All Gamers,7,1,6,0.0,42:30
Valorant Masters Santiago 2026,Playoffs,Lower Round 2,Paper Rex vs All Gamers,Split,Paper Rex,13,9,4,0.0,All Gamers,4,1,3,0.0,36:31
Valorant Masters Santiago 2026,Playoffs,Upper Final,Nongshim RedForce vs NRG,Bind,Nongshim RedForce,13,7,6,0.0,Mega Minors,9,4,5,0.0,47:58
Valorant Masters Santiago 2026,Playoffs,Upper Final,Nongshim RedForce vs NRG,Abyss,Nongshim RedForce,13,9,4,0.0,Mega Minors,11,8,3,0.0,53:24
Valorant Masters Santiago 2026,Playoffs,Lower Round 3,Paper Rex vs G2 Esports,Haven,Paper Rex,11,5,6,0.0,G2 Esports,13,6,7,0.0,50:27
Valorant Masters Santiago 2026,Playoffs,Lower Round 3,Paper Rex vs G2 Esports,Breeze,Paper Rex,13,8,5,0.0,G2 Esports,9,5,4,0.0,47:35
Valorant Masters Santiago 2026,Playoffs,Lower Round 3,Paper Rex vs G2 Esports,Corrode,Paper Rex,13,10,3,0.0,G2 Esports,4,2,2,0.0,36:49
Valorant Masters Santiago 2026,Playoffs,Lower Final,NRG vs Paper Rex,Pearl,Mega Minors,13,6,7,0.0,Paper Rex,8,2,6,0.0,48:07
Valorant Masters Santiago 2026,Playoffs,Lower Final,NRG vs Paper Rex,Split,Mega Minors,7,5,2,0.0,Paper Rex,13,6,7,0.0,43:12
Valorant Masters Santiago 2026,Playoffs,Lower Final,NRG vs Paper Rex,Corrode,Mega Minors,6,5,1,0.0,Paper Rex,13,6,7,0.0,45:27
Valorant Masters Santiago 2026,Playoffs,Lower Final,NRG vs Paper Rex,Breeze,Mega Minors,9,3,6,0.0,Paper Rex,13,4,9,0.0,48:28
Valorant Masters Santiago 2026,Playoffs,Grand Final,Nongshim RedForce vs Paper Rex,Corrode,Nongshim RedForce,13,4,9,0.0,Paper Rex,11,3,8,0.0,49:17
Valorant Masters Santiago 2026,Playoffs,Grand Final,Nongshim RedForce vs Paper Rex,Split,Nongshim RedForce,13,9,4,0.0,Paper Rex,4,1,3,0.0,31:52
Valorant Masters Santiago 2026,Playoffs,Grand Final,Nongshim RedForce vs Paper Rex,Abyss,Nongshim RedForce,13,10,3,0.0,Paper Rex,3,1,2,0.0,30:41
VCT 2026: Americas Kickoff,Main Event,Upper Round 1,ENVY vs Evil Geniuses,Abyss,ENVY,9,2,7,0.0,Evil Geniuses,13,3,10,0.0,54:34
VCT 2026: Americas Kickoff,Main Event,Upper Round 1,ENVY vs Evil Geniuses,Corrode,ENVY,13,7,6,0.0,Evil Geniuses,10,5,5,0.0,49:14
VCT 2026: Americas Kickoff,Main Event,Upper Round 1,ENVY vs Evil Geniuses,Bind,ENVY,13,7,6,0.0,Evil Geniuses,9,4,5,0.0,46:43
VCT 2026: Americas Kickoff,Main Event,Upper Round 1,LOUD vs Cloud9,Haven,LOUD,7,5,2,0.0,Cloud9,13,6,7,0.0,52:56
VCT 2026: Americas Kickoff,Main Event,Upper Round 1,LOUD vs Cloud9,Abyss,LOUD,11,7,4,0.0,Cloud9,13,8,5,0.0,49:48
VCT 2026: Americas Kickoff,Main Event,Upper Round 1,KRÜ Esports vs FURIA,Pearl,KRÜ Esports,13,7,6,0.0,FURIA,10,5,5,0.0,1:01:51
VCT 2026: Americas Kickoff,Main Event,Upper Round 1,KRÜ Esports vs FURIA,Breeze,KRÜ Esports,8,7,1,0.0,FURIA,13,8,5,0.0,44:31
VCT 2026: Americas Kickoff,Main Event,Upper Round 1,KRÜ Esports vs FURIA,Abyss,KRÜ Esports,5,4,1,0.0,FURIA,13,5,8,0.0,34:42
VCT 2026: Americas Kickoff,Main Event,Upper Round 1,100 Thieves vs LEVIATÁN,Bind,100 Thieves,13,9,4,0.0,LEVIATÁN,9,6,3,0.0,1:02:51
VCT 2026: Americas Kickoff,Main Event,Upper Round 1,100 Thieves vs LEVIATÁN,Pearl,100 Thieves,10,7,3,0.0,LEVIATÁN,13,8,5,0.0,58:37
VCT 2026: Americas Kickoff,Main Event,Upper Round 1,100 Thieves vs LEVIATÁN,Split,100 Thieves,13,6,7,0.0,LEVIATÁN,9,3,6,0.0,52:14
VCT 2026: Americas Kickoff,Main Event,Upper Round 2,NRG vs Cloud9,Pearl,Mega Minors,13,10,3,0.0,Cloud9,2,0,2,0.0,45:03
VCT 2026: Americas Kickoff,Main Event,Upper Round 2,NRG vs Cloud9,Breeze,Mega Minors,13,10,3,0.0,Cloud9,9,7,2,0.0,44:54
VCT 2026: Americas Kickoff,Main Event,Upper Round 2,MIBR vs ENVY,Abyss,MIBR,13,9,4,0.0,ENVY,7,4,3,0.0,49:31
VCT 2026: Americas Kickoff,Main Event,Upper Round 2,MIBR vs ENVY,Corrode,MIBR,13,10,3,0.0,ENVY,11,9,2,0.0,50:33
VCT 2026: Americas Kickoff,Main Event,Upper Round 2,Sentinels vs FURIA,Split,Sentinels,5,3,2,0.0,FURIA,13,4,9,0.0,48:35
VCT 2026: Americas Kickoff,Main Event,Upper Round 2,Sentinels vs FURIA,Breeze,Sentinels,11,5,6,0.0,FURIA,13,6,7,0.0,57:51
VCT 2026: Americas Kickoff,Main Event,Upper Round 2,G2 Esports vs 100 Thieves,Bind,G2 Esports,13,8,5,0.0,100 Thieves,11,7,4,0.0,1:06:42
VCT 2026: Americas Kickoff,Main Event,Upper Round 2,G2 Esports vs 100 Thieves,Corrode,G2 Esports,3,1,2,0.0,100 Thieves,13,2,11,0.0,33:43
VCT 2026: Americas Kickoff,Main Event,Upper Round 2,G2 Esports vs 100 Thieves,Split,G2 Esports,13,10,3,0.0,100 Thieves,8,6,2,0.0,48:39
VCT 2026: Americas Kickoff,Main Event,Middle Round 1,LOUD vs 100 Thieves,Breeze,LOUD,13,7,6,0.0,100 Thieves,11,6,5,0.0,1:04:38
VCT 2026: Americas Kickoff,Main Event,Middle Round 1,LOUD vs 100 Thieves,Bind,LOUD,6,3,3,0.0,100 Thieves,13,4,9,0.0,45:31
VCT 2026: Americas Kickoff,Main Event,Middle Round 1,LOUD vs 100 Thieves,Pearl,LOUD,2,2,0,0.0,100 Thieves,13,3,10,0.0,37:22
VCT 2026: Americas Kickoff,Main Event,Middle Round 1,Evil Geniuses vs Sentinels,Abyss,Evil Geniuses,8,3,5,0.0,Sentinels,13,4,9,0.0,51:04
VCT 2026: Americas Kickoff,Main Event,Middle Round 1,Evil Geniuses vs Sentinels,Pearl,Evil Geniuses,11,7,4,0.0,Sentinels,13,8,5,0.0,1:04:50
VCT 2026: Americas Kickoff,Main Event,Middle Round 1,KRÜ Esports vs ENVY,Abyss,KRÜ Esports,13,8,5,0.0,ENVY,9,5,4,0.0,53:37
VCT 2026: Americas Kickoff,Main Event,Middle Round 1,KRÜ Esports vs ENVY,Pearl,KRÜ Esports,5,1,4,0.0,ENVY,13,2,11,0.0,38:33
VCT 2026: Americas Kickoff,Main Event,Middle Round 1,KRÜ Esports vs ENVY,Breeze,KRÜ Esports,9,7,2,0.0,ENVY,13,8,5,0.0,44:45
VCT 2026: Americas Kickoff,Main Event,Middle Round 1,LEVIATÁN vs Cloud9,Pearl,LEVIATÁN,3,2,1,0.0,Cloud9,13,3,10,0.0,39:48
VCT 2026: Americas Kickoff,Main Event,Middle Round 1,LEVIATÁN vs Cloud9,Split,LEVIATÁN,8,5,3,0.0,Cloud9,13,6,7,0.0,50:12
VCT 2026: Americas Kickoff,Main Event,Middle Round 2,100 Thieves vs Sentinels,Corrode,100 Thieves,13,5,8,0.0,Sentinels,11,4,7,0.0,1:02:13
VCT 2026: Americas Kickoff,Main Event,Middle Round 2,100 Thieves vs Sentinels,Split,100 Thieves,16,8,4,4.0,Sentinels,14,8,4,2.0,1:20:18
VCT 2026: Americas Kickoff,Main Event,Middle Round 2,ENVY vs Cloud9,Pearl,ENVY,18,7,5,6.0,Cloud9,20,7,5,8.0,1:23:03
VCT 2026: Americas Kickoff,Main Event,Middle Round 2,ENVY vs Cloud9,Breeze,ENVY,13,7,6,0.0,Cloud9,8,3,5,0.0,1:13:34
VCT 2026: Americas Kickoff,Main Event,Middle Round 2,ENVY vs Cloud9,Split,ENVY,11,7,4,0.0,Cloud9,13,8,5,0.0,50:13
VCT 2026: Americas Kickoff,Main Event,Upper Round 3,NRG vs MIBR,Abyss,Mega Minors,13,11,2,0.0,MIBR,6,5,1,0.0,1:10:21
VCT 2026: Americas Kickoff,Main Event,Upper Round 3,NRG vs MIBR,Split,Mega Minors,11,7,4,0.0,MIBR,13,8,5,0.0,1:11:35
VCT 2026: Americas Kickoff,Main Event,Upper Round 3,NRG vs MIBR,Breeze,Mega Minors,8,3,5,0.0,MIBR,13,4,9,0.0,49:05
VCT 2026: Americas Kickoff,Main Event,Upper Round 3,FURIA vs G2 Esports,Abyss,FURIA,13,8,5,0.0,G2 Esports,7,3,4,0.0,1:06:46
VCT 2026: Americas Kickoff,Main Event,Upper Round 3,FURIA vs G2 Esports,Bind,FURIA,6,5,1,0.0,G2 Esports,13,6,7,0.0,44:54
VCT 2026: Americas Kickoff,Main Event,Upper Round 3,FURIA vs G2 Esports,Split,FURIA,13,9,4,0.0,G2 Esports,3,0,3,0.0,35:10
VCT 2026: Americas Kickoff,Main Event,Lower Round 1,LOUD vs Evil Geniuses,Haven,LOUD,5,3,2,0.0,Evil Geniuses,13,4,9,0.0,51:14
VCT 2026: Americas Kickoff,Main Event,Lower Round 1,LOUD vs Evil Geniuses,Abyss,LOUD,12,7,5,0.0,Evil Geniuses,14,7,5,2.0,1:21:33
VCT 2026: Americas Kickoff,Main Event,Lower Round 1,KRÜ Esports vs LEVIATÁN,Bind,KRÜ Esports,4,3,1,0.0,LEVIATÁN,13,4,9,0.0,46:08
VCT 2026: Americas Kickoff,Main Event,Lower Round 1,KRÜ Esports vs LEVIATÁN,Split,KRÜ Esports,10,5,5,0.0,LEVIATÁN,13,6,7,0.0,57:56
VCT 2026: Americas Kickoff,Main Event,Middle Round 3,NRG vs 100 Thieves,Haven,Mega Minors,13,7,6,0.0,100 Thieves,9,4,5,0.0,1:01:37
VCT 2026: Americas Kickoff,Main Event,Middle Round 3,NRG vs 100 Thieves,Corrode,Mega Minors,13,6,7,0.0,100 Thieves,11,5,6,0.0,57:18
VCT 2026: Americas Kickoff,Main Event,Middle Round 3,G2 Esports vs Cloud9,Corrode,G2 Esports,13,5,8,0.0,Cloud9,11,4,7,0.0,52:17
VCT 2026: Americas Kickoff,Main Event,Middle Round 3,G2 Esports vs Cloud9,Bind,G2 Esports,13,6,7,0.0,Cloud9,9,3,6,0.0,45:31
VCT 2026: Americas Kickoff,Main Event,Lower Round 2,ENVY vs Evil Geniuses,Pearl,ENVY,14,4,8,2.0,Evil Geniuses,16,4,8,4.0,1:14:37
VCT 2026: Americas Kickoff,Main Event,Lower Round 2,ENVY vs Evil Geniuses,Corrode,ENVY,5,4,1,0.0,Evil Geniuses,13,5,8,0.0,38:26
VCT 2026: Americas Kickoff,Main Event,Lower Round 2,Sentinels vs LEVIATÁN,Corrode,Sentinels,10,5,5,0.0,LEVIATÁN,13,6,7,0.0,57:33
VCT 2026: Americas Kickoff,Main Event,Lower Round 2,Sentinels vs LEVIATÁN,Bind,Sentinels,12,4,8,0.0,LEVIATÁN,14,4,8,2.0,57:25
VCT 2026: Americas Kickoff,Main Event,Lower Round 3,100 Thieves vs Evil Geniuses,Haven,100 Thieves,13,10,3,0.0,Evil Geniuses,11,9,2,0.0,57:04
VCT 2026: Americas Kickoff,Main Event,Lower Round 3,100 Thieves vs Evil Geniuses,Bind,100 Thieves,15,7,5,3.0,Evil Geniuses,13,7,5,1.0,1:07:08
VCT 2026: Americas Kickoff,Main Event,Lower Round 3,Cloud9 vs LEVIATÁN,Bind,Cloud9,13,9,4,0.0,LEVIATÁN,5,2,3,0.0,43:35
VCT 2026: Americas Kickoff,Main Event,Lower Round 3,Cloud9 vs LEVIATÁN,Breeze,Cloud9,13,7,6,0.0,LEVIATÁN,7,2,5,0.0,44:31
VCT 2026: Americas Kickoff,Main Event,Middle Round 4,NRG vs G2 Esports,Pearl,Mega Minors,3,2,1,0.0,G2 Esports,13,3,10,0.0,36:27
VCT 2026: Americas Kickoff,Main Event,Middle Round 4,NRG vs G2 Esports,Split,Mega Minors,8,5,3,0.0,G2 Esports,13,6,7,0.0,42:10
VCT 2026: Americas Kickoff,Main Event,Lower Round 4,100 Thieves vs Cloud9,Pearl,100 Thieves,14,6,6,2.0,Cloud9,12,6,6,0.0,1:11:57
VCT 2026: Americas Kickoff,Main Event,Lower Round 4,100 Thieves vs Cloud9,Split,100 Thieves,11,6,5,0.0,Cloud9,13,7,6,0.0,55:19
VCT 2026: Americas Kickoff,Main Event,Lower Round 4,100 Thieves vs Cloud9,Abyss,100 Thieves,13,10,3,0.0,Cloud9,2,0,2,0.0,33:27
VCT 2026: Americas Kickoff,Main Event,Upper Final,MIBR vs FURIA,Bind,MIBR,13,5,8,0.0,FURIA,8,1,7,0.0,1:02:19
VCT 2026: Americas Kickoff,Main Event,Upper Final,MIBR vs FURIA,Abyss,MIBR,8,2,6,0.0,FURIA,13,3,10,0.0,51:40
VCT 2026: Americas Kickoff,Main Event,Upper Final,MIBR vs FURIA,Haven,MIBR,11,6,5,0.0,FURIA,13,7,6,0.0,1:03:54
VCT 2026: Americas Kickoff,Main Event,Upper Final,MIBR vs FURIA,Breeze,MIBR,13,12,1,0.0,FURIA,2,2,0,0.0,31:58
VCT 2026: Americas Kickoff,Main Event,Upper Final,MIBR vs FURIA,Split,MIBR,8,6,2,0.0,FURIA,13,7,6,0.0,1:00:48
VCT 2026: Americas Kickoff,Main Event,Lower Round 5,NRG vs 100 Thieves,Pearl,Mega Minors,13,9,4,0.0,100 Thieves,3,0,3,0.0,50:13
VCT 2026: Americas Kickoff,Main Event,Lower Round 5,NRG vs 100 Thieves,Abyss,Mega Minors,13,7,6,0.0,100 Thieves,8,3,5,0.0,50:26
VCT 2026: Americas Kickoff,Main Event,Middle Final,MIBR vs G2 Esports,Breeze,MIBR,6,5,1,0.0,G2 Esports,13,6,7,0.0,52:20
VCT 2026: Americas Kickoff,Main Event,Middle Final,MIBR vs G2 Esports,Haven,MIBR,4,4,0,0.0,G2 Esports,13,5,8,0.0,40:55
VCT 2026: Americas Kickoff,Main Event,Middle Final,MIBR vs G2 Esports,Corrode,MIBR,7,3,4,0.0,G2 Esports,13,4,9,0.0,43:49
VCT 2026: Americas Kickoff,Main Event,Lower Final,MIBR vs NRG,Bind,MIBR,13,6,7,0.0,Mega Minors,9,3,6,0.0,1:03:44
VCT 2026: Americas Kickoff,Main Event,Lower Final,MIBR vs NRG,Corrode,MIBR,13,8,5,0.0,Mega Minors,5,1,4,0.0,40:25
VCT 2026: Americas Kickoff,Main Event,Lower Final,MIBR vs NRG,Split,MIBR,10,9,1,0.0,Mega Minors,13,10,3,0.0,52:45
VCT 2026: Americas Kickoff,Main Event,Lower Final,MIBR vs NRG,Abyss,MIBR,4,3,1,0.0,Mega Minors,13,4,9,0.0,31:57
VCT 2026: Americas Kickoff,Main Event,Lower Final,MIBR vs NRG,Haven,MIBR,5,1,4,0.0,Mega Minors,13,2,11,0.0,43:01
VCT 2026: EMEA Kickoff,Main Event,Upper Round 1,Natus Vincere vs Karmine Corp,Split,Natus Vincere,13,7,6,0.0,Karmine Corp,11,6,5,0.0,1:01:27
VCT 2026: EMEA Kickoff,Main Event,Upper Round 1,Natus Vincere vs Karmine Corp,Haven,Natus Vincere,13,10,3,0.0,Karmine Corp,7,5,2,0.0,45:01
VCT 2026: EMEA Kickoff,Main Event,Upper Round 1,FUT Esports vs Gentle Mates,Abyss,FUT Esports,8,5,3,0.0,Gentle Mates,13,6,7,0.0,45:40
VCT 2026: EMEA Kickoff,Main Event,Upper Round 1,FUT Esports vs Gentle Mates,Split,FUT Esports,6,4,2,0.0,Gentle Mates,13,5,8,0.0,39:09
VCT 2026: EMEA Kickoff,Main Event,Upper Round 1,PCIFIC Esports vs BBL Esports,Breeze,PCIFIC Esports,10,3,7,0.0,BBL Esports,13,4,9,0.0,55:42
VCT 2026: EMEA Kickoff,Main Event,Upper Round 1,PCIFIC Esports vs BBL Esports,Abyss,PCIFIC Esports,13,7,6,0.0,BBL Esports,7,2,5,0.0,46:52
VCT 2026: EMEA Kickoff,Main Event,Upper Round 1,PCIFIC Esports vs BBL Esports,Pearl,PCIFIC Esports,4,2,2,0.0,BBL Esports,13,3,10,0.0,40:09
VCT 2026: EMEA Kickoff,Main Event,Upper Round 1,ULF Esports vs Team Vitality,Breeze,ULF Esports,3,2,1,0.0,Team Vitality,13,3,10,0.0,32:38
VCT 2026: EMEA Kickoff,Main Event,Upper Round 1,ULF Esports vs Team Vitality,Corrode,ULF Esports,1,1,0,0.0,Team Vitality,13,2,11,0.0,27:22
VCT 2026: EMEA Kickoff,Main Event,Upper Round 2,Team Heretics vs Natus Vincere,Bind,Team Heretics,10,4,6,0.0,Natus Vincere,13,5,8,0.0,56:24
VCT 2026: EMEA Kickoff,Main Event,Upper Round 2,Team Heretics vs Natus Vincere,Haven,Team Heretics,13,9,4,0.0,Natus Vincere,11,8,3,0.0,58:18
VCT 2026: EMEA Kickoff,Main Event,Upper Round 2,Team Heretics vs Natus Vincere,Split,Team Heretics,6,3,3,0.0,Natus Vincere,13,4,9,0.0,44:02
VCT 2026: EMEA Kickoff,Main Event,Upper Round 2,GIANTX vs Gentle Mates,Pearl,GIANTX,10,5,5,0.0,Gentle Mates,13,6,7,0.0,51:33
VCT 2026: EMEA Kickoff,Main Event,Upper Round 2,GIANTX vs Gentle Mates,Bind,GIANTX,10,10,0,0.0,Gentle Mates,13,11,2,0.0,51:52
VCT 2026: EMEA Kickoff,Main Event,Upper Round 2,FNATIC vs BBL Esports,Breeze,FNATIC,11,9,2,0.0,BBL Esports,13,10,3,0.0,54:38
VCT 2026: EMEA Kickoff,Main Event,Upper Round 2,FNATIC vs BBL Esports,Haven,FNATIC,4,4,0,0.0,BBL Esports,13,5,8,0.0,48:13
VCT 2026: EMEA Kickoff,Main Event,Upper Round 2,Team Liquid vs Team Vitality,Breeze,Team Liquid,11,6,5,0.0,Team Vitality,13,7,6,0.0,55:30
VCT 2026: EMEA Kickoff,Main Event,Upper Round 2,Team Liquid vs Team Vitality,Pearl,Team Liquid,14,8,4,2.0,Team Vitality,12,8,4,0.0,1:00:46
VCT 2026: EMEA Kickoff,Main Event,Upper Round 2,Team Liquid vs Team Vitality,Corrode,Team Liquid,9,4,5,0.0,Team Vitality,13,5,8,0.0,54:15
VCT 2026: EMEA Kickoff,Main Event,Middle Round 1,Karmine Corp vs Team Liquid,Abyss,Karmine Corp,13,11,2,0.0,Team Liquid,2,1,1,0.0,35:55
VCT 2026: EMEA Kickoff,Main Event,Middle Round 1,Karmine Corp vs Team Liquid,Split,Karmine Corp,8,5,3,0.0,Team Liquid,13,6,7,0.0,48:16
VCT 2026: EMEA Kickoff,Main Event,Middle Round 1,Karmine Corp vs Team Liquid,Breeze,Karmine Corp,10,8,2,0.0,Team Liquid,13,9,4,0.0,59:08
VCT 2026: EMEA Kickoff,Main Event,Middle Round 1,FUT Esports vs FNATIC,Abyss,FUT Esports,3,2,1,0.0,FNATIC,13,3,10,0.0,39:06
VCT 2026: EMEA Kickoff,Main Event,Middle Round 1,FUT Esports vs FNATIC,Corrode,FUT Esports,18,2,10,6.0,FNATIC,16,2,10,4.0,1:14:36
VCT 2026: EMEA Kickoff,Main Event,Middle Round 1,FUT Esports vs FNATIC,Split,FUT Esports,14,5,7,2.0,FNATIC,16,5,7,4.0,1:11:00
VCT 2026: EMEA Kickoff,Main Event,Middle Round 1,PCIFIC Esports vs GIANTX,Abyss,PCIFIC Esports,8,3,5,0.0,GIANTX,13,4,9,0.0,47:21
VCT 2026: EMEA Kickoff,Main Event,Middle Round 1,PCIFIC Esports vs GIANTX,Bind,PCIFIC Esports,14,7,5,2.0,GIANTX,12,7,5,0.0,59:21
VCT 2026: EMEA Kickoff,Main Event,Middle Round 1,PCIFIC Esports vs GIANTX,Split,PCIFIC Esports,10,6,4,0.0,GIANTX,13,7,6,0.0,54:03
VCT 2026: EMEA Kickoff,Main Event,Middle Round 1,ULF Esports vs Team Heretics,Haven,ULF Esports,7,3,4,0.0,Team Heretics,13,4,9,0.0,45:40
VCT 2026: EMEA Kickoff,Main Event,Middle Round 1,ULF Esports vs Team Heretics,Bind,ULF Esports,8,6,2,0.0,Team Heretics,13,7,6,0.0,49:03
VCT 2026: EMEA Kickoff,Main Event,Upper Round 3,Natus Vincere vs Gentle Mates,Abyss,Natus Vincere,7,5,2,0.0,Gentle Mates,13,6,7,0.0,41:17
VCT 2026: EMEA Kickoff,Main Event,Upper Round 3,Natus Vincere vs Gentle Mates,Bind,Natus Vincere,9,4,5,0.0,Gentle Mates,13,5,8,0.0,50:46
VCT 2026: EMEA Kickoff,Main Event,Upper Round 3,BBL Esports vs Team Vitality,Haven,BBL Esports,13,6,7,0.0,Team Vitality,9,3,6,0.0,52:10
VCT 2026: EMEA Kickoff,Main Event,Upper Round 3,BBL Esports vs Team Vitality,Abyss,BBL Esports,13,8,5,0.0,Team Vitality,8,4,4,0.0,52:12
VCT 2026: EMEA Kickoff,Main Event,Middle Round 2,Team Liquid vs FNATIC,Corrode,Team Liquid,5,5,0,0.0,FNATIC,13,6,7,0.0,38:55
VCT 2026: EMEA Kickoff,Main Event,Middle Round 2,Team Liquid vs FNATIC,Split,Team Liquid,9,3,6,0.0,FNATIC,13,4,9,0.0,54:05
VCT 2026: EMEA Kickoff,Main Event,Middle Round 2,GIANTX vs Team Heretics,Abyss,GIANTX,13,6,7,0.0,Team Heretics,10,4,6,0.0,51:54
VCT 2026: EMEA Kickoff,Main Event,Middle Round 2,GIANTX vs Team Heretics,Haven,GIANTX,13,7,6,0.0,Team Heretics,7,2,5,0.0,46:25
VCT 2026: EMEA Kickoff,Main Event,Lower Round 1,Karmine Corp vs FUT Esports,Haven,Karmine Corp,14,7,5,2.0,FUT Esports,12,7,5,0.0,59:26
VCT 2026: EMEA Kickoff,Main Event,Lower Round 1,Karmine Corp vs FUT Esports,Split,Karmine Corp,8,5,3,0.0,FUT Esports,13,6,7,0.0,54:42
VCT 2026: EMEA Kickoff,Main Event,Lower Round 1,Karmine Corp vs FUT Esports,Pearl,Karmine Corp,13,7,6,0.0,FUT Esports,7,2,5,0.0,45:13
VCT 2026: EMEA Kickoff,Main Event,Lower Round 1,PCIFIC Esports vs ULF Esports,Split,PCIFIC Esports,5,3,2,0.0,ULF Esports,13,4,9,0.0,59:56
VCT 2026: EMEA Kickoff,Main Event,Lower Round 1,PCIFIC Esports vs ULF Esports,Abyss,PCIFIC Esports,8,3,5,0.0,ULF Esports,13,4,9,0.0,41:15
VCT 2026: EMEA Kickoff,Main Event,Middle Round 3,Natus Vincere vs FNATIC,Split,Natus Vincere,10,3,7,0.0,FNATIC,13,4,9,0.0,57:26
VCT 2026: EMEA Kickoff,Main Event,Middle Round 3,Natus Vincere vs FNATIC,Breeze,Natus Vincere,13,8,5,0.0,FNATIC,6,2,4,0.0,43:55
VCT 2026: EMEA Kickoff,Main Event,Middle Round 3,Natus Vincere vs FNATIC,Bind,Natus Vincere,15,3,9,3.0,FNATIC,17,3,9,5.0,1:17:01
VCT 2026: EMEA Kickoff,Main Event,Middle Round 3,Team Vitality vs GIANTX,Abyss,Team Vitality,13,12,1,0.0,GIANTX,0,0,0,0.0,32:20
VCT 2026: EMEA Kickoff,Main Event,Middle Round 3,Team Vitality vs GIANTX,Breeze,Team Vitality,13,7,6,0.0,GIANTX,11,6,5,0.0,51:49
VCT 2026: EMEA Kickoff,Main Event,Lower Round 2,Team Heretics vs Karmine Corp,Haven,Team Heretics,13,6,7,0.0,Karmine Corp,8,2,6,0.0,47:33
VCT 2026: EMEA Kickoff,Main Event,Lower Round 2,Team Heretics vs Karmine Corp,Corrode,Team Heretics,13,6,7,0.0,Karmine Corp,11,5,6,0.0,56:30
VCT 2026: EMEA Kickoff,Main Event,Lower Round 2,Team Heretics vs Karmine Corp,Abyss,Team Heretics,2,2,0,0.0,Karmine Corp,13,3,10,0.0,32:38
VCT 2026: EMEA Kickoff,Main Event,Lower Round 2,Team Liquid vs ULF Esports,Split,Team Liquid,8,6,2,0.0,ULF Esports,13,7,6,0.0,49:17
VCT 2026: EMEA Kickoff,Main Event,Lower Round 2,Team Liquid vs ULF Esports,Pearl,Team Liquid,14,6,6,2.0,ULF Esports,12,6,6,0.0,1:00:06
VCT 2026: EMEA Kickoff,Main Event,Lower Round 2,Team Liquid vs ULF Esports,Breeze,Team Liquid,13,7,6,0.0,ULF Esports,5,0,5,0.0,35:57
VCT 2026: EMEA Kickoff,Main Event,Lower Round 3,Natus Vincere vs Team Heretics,Haven,Natus Vincere,5,4,1,0.0,Team Heretics,13,5,8,0.0,39:58
VCT 2026: EMEA Kickoff,Main Event,Lower Round 3,Natus Vincere vs Team Heretics,Breeze,Natus Vincere,4,4,0,0.0,Team Heretics,13,5,8,0.0,42:31
VCT 2026: EMEA Kickoff,Main Event,Lower Round 3,GIANTX vs Team Liquid,Breeze,GIANTX,4,3,1,0.0,Team Liquid,13,4,9,0.0,34:07
VCT 2026: EMEA Kickoff,Main Event,Lower Round 3,GIANTX vs Team Liquid,Pearl,GIANTX,13,11,2,0.0,Team Liquid,6,5,1,0.0,40:45
VCT 2026: EMEA Kickoff,Main Event,Lower Round 3,GIANTX vs Team Liquid,Bind,GIANTX,14,4,8,2.0,Team Liquid,16,4,8,4.0,1:08:07
VCT 2026: EMEA Kickoff,Main Event,Lower Round 4,Team Heretics vs Team Liquid,Abyss,Team Heretics,11,6,5,0.0,Team Liquid,13,7,6,0.0,55:25
VCT 2026: EMEA Kickoff,Main Event,Lower Round 4,Team Heretics vs Team Liquid,Bind,Team Heretics,3,1,2,0.0,Team Liquid,13,2,11,0.0,32:54
VCT 2026: EMEA Kickoff,Main Event,Middle Round 4,FNATIC vs Team Vitality,Abyss,FNATIC,13,9,4,0.0,Team Vitality,5,2,3,0.0,41:08
VCT 2026: EMEA Kickoff,Main Event,Middle Round 4,FNATIC vs Team Vitality,Bind,FNATIC,13,6,7,0.0,Team Vitality,8,2,6,0.0,46:54
VCT 2026: EMEA Kickoff,Main Event,Upper Final,Gentle Mates vs BBL Esports,Haven,Gentle Mates,13,6,7,0.0,BBL Esports,11,5,6,0.0,54:02
VCT 2026: EMEA Kickoff,Main Event,Upper Final,Gentle Mates vs BBL Esports,Abyss,Gentle Mates,13,7,5,1.0,BBL Esports,15,7,5,3.0,1:08:11
VCT 2026: EMEA Kickoff,Main Event,Upper Final,Gentle Mates vs BBL Esports,Pearl,Gentle Mates,14,6,6,2.0,BBL Esports,16,6,6,4.0,1:12:08
VCT 2026: EMEA Kickoff,Main Event,Upper Final,Gentle Mates vs BBL Esports,Split,Gentle Mates,13,9,4,0.0,BBL Esports,4,1,3,0.0,37:46
VCT 2026: EMEA Kickoff,Main Event,Upper Final,Gentle Mates vs BBL Esports,Corrode,Gentle Mates,6,5,1,0.0,BBL Esports,13,6,7,0.0,42:09
VCT 2026: EMEA Kickoff,Main Event,Lower Round 5,Team Vitality vs Team Liquid,Corrode,Team Vitality,13,10,3,0.0,Team Liquid,8,6,2,0.0,50:06
VCT 2026: EMEA Kickoff,Main Event,Lower Round 5,Team Vitality vs Team Liquid,Bind,Team Vitality,3,3,0,0.0,Team Liquid,13,4,9,0.0,34:44
VCT 2026: EMEA Kickoff,Main Event,Lower Round 5,Team Vitality vs Team Liquid,Breeze,Team Vitality,9,3,6,0.0,Team Liquid,13,4,9,0.0,47:33
VCT 2026: EMEA Kickoff,Main Event,Middle Final,Gentle Mates vs FNATIC,Abyss,Gentle Mates,10,6,4,0.0,FNATIC,13,7,6,0.0,53:05
VCT 2026: EMEA Kickoff,Main Event,Middle Final,Gentle Mates vs FNATIC,Corrode,Gentle Mates,14,8,4,2.0,FNATIC,16,8,4,4.0,1:11:24
VCT 2026: EMEA Kickoff,Main Event,Middle Final,Gentle Mates vs FNATIC,Split,Gentle Mates,13,8,5,0.0,FNATIC,6,2,4,0.0,44:28
VCT 2026: EMEA Kickoff,Main Event,Middle Final,Gentle Mates vs FNATIC,Bind,Gentle Mates,14,7,5,2.0,FNATIC,12,7,5,0.0,1:03:26
VCT 2026: EMEA Kickoff,Main Event,Middle Final,Gentle Mates vs FNATIC,Haven,Gentle Mates,14,7,5,2.0,FNATIC,12,7,5,0.0,59:23
VCT 2026: EMEA Kickoff,Main Event,Lower Final,FNATIC vs Team Liquid,Corrode,FNATIC,6,5,1,0.0,Team Liquid,13,6,7,0.0,39:12
VCT 2026: EMEA Kickoff,Main Event,Lower Final,FNATIC vs Team Liquid,Bind,FNATIC,10,7,3,0.0,Team Liquid,13,8,5,0.0,46:28
VCT 2026: EMEA Kickoff,Main Event,Lower Final,FNATIC vs Team Liquid,Abyss,FNATIC,16,7,5,4.0,Team Liquid,18,7,5,6.0,1:11:49
VCT 2026: Pacific Kickoff,Main Event,Upper Round 1,Nongshim RedForce vs Team Secret,Haven,Nongshim RedForce,13,9,4,0.0,Team Secret,5,2,3,0.0,59:33
VCT 2026: Pacific Kickoff,Main Event,Upper Round 1,Nongshim RedForce vs Team Secret,Split,Nongshim RedForce,13,5,8,0.0,Team Secret,8,1,7,0.0,46:20
VCT 2026: Pacific Kickoff,Main Event,Upper Round 1,ZETA DIVISION vs FULL SENSE,Corrode,ZETA DIVISION,4,4,0,0.0,FULL SENSE,13,5,8,0.0,43:07
VCT 2026: Pacific Kickoff,Main Event,Upper Round 1,ZETA DIVISION vs FULL SENSE,Split,ZETA DIVISION,2,2,0,0.0,FULL SENSE,13,3,10,0.0,28:44
VCT 2026: Pacific Kickoff,Main Event,Upper Round 1,VARREL vs Global Esports,Abyss,VARREL,7,5,2,0.0,Global Esports,13,6,7,0.0,44:01
VCT 2026: Pacific Kickoff,Main Event,Upper Round 1,VARREL vs Global Esports,Split,VARREL,7,4,3,0.0,Global Esports,13,5,8,0.0,1:04:03
VCT 2026: Pacific Kickoff,Main Event,Upper Round 1,DetonatioN FocusMe vs Gen.G,Abyss,DetonatioN FocusMe,13,7,6,0.0,Gen.G,8,3,5,0.0,54:48
VCT 2026: Pacific Kickoff,Main Event,Upper Round 1,DetonatioN FocusMe vs Gen.G,Pearl,DetonatioN FocusMe,13,5,8,0.0,Gen.G,10,3,7,0.0,56:07
VCT 2026: Pacific Kickoff,Main Event,Upper Round 2,T1 vs Nongshim RedForce,Haven,T1,4,4,0,0.0,Nongshim RedForce,13,5,8,0.0,34:13
VCT 2026: Pacific Kickoff,Main Event,Upper Round 2,T1 vs Nongshim RedForce,Corrode,T1,9,4,5,0.0,Nongshim RedForce,13,5,8,0.0,46:57
VCT 2026: Pacific Kickoff,Main Event,Upper Round 2,T1 vs Nongshim RedForce,Split,T1,13,6,7,0.0,Nongshim RedForce,9,3,6,0.0,1:05:50
VCT 2026: Pacific Kickoff,Main Event,Upper Round 2,KIWOOM DRX vs FULL SENSE,Breeze,KIWOOM DRX,13,8,5,0.0,FULL SENSE,10,6,4,0.0,1:00:26
VCT 2026: Pacific Kickoff,Main Event,Upper Round 2,KIWOOM DRX vs FULL SENSE,Pearl,KIWOOM DRX,8,4,4,0.0,FULL SENSE,13,5,8,0.0,46:43
VCT 2026: Pacific Kickoff,Main Event,Upper Round 2,KIWOOM DRX vs FULL SENSE,Split,KIWOOM DRX,8,5,3,0.0,FULL SENSE,13,6,7,0.0,49:18
VCT 2026: Pacific Kickoff,Main Event,Upper Round 2,Paper Rex vs Global Esports,Breeze,Paper Rex,13,7,6,0.0,Global Esports,10,5,5,0.0,1:12:19
VCT 2026: Pacific Kickoff,Main Event,Upper Round 2,Paper Rex vs Global Esports,Split,Paper Rex,5,5,0,0.0,Global Esports,13,6,7,0.0,37:40
VCT 2026: Pacific Kickoff,Main Event,Upper Round 2,Paper Rex vs Global Esports,Bind,Paper Rex,13,7,6,0.0,Global Esports,10,5,5,0.0,50:34
VCT 2026: Pacific Kickoff,Main Event,Upper Round 2,Rex Regum Qeon vs DetonatioN FocusMe,Haven,Rex Regum Qeon,13,4,9,0.0,DetonatioN FocusMe,10,2,8,0.0,58:54
VCT 2026: Pacific Kickoff,Main Event,Upper Round 2,Rex Regum Qeon vs DetonatioN FocusMe,Corrode,Rex Regum Qeon,13,10,3,0.0,DetonatioN FocusMe,5,3,2,0.0,42:41
VCT 2026: Pacific Kickoff,Main Event,Middle Round 1,Team Secret vs DetonatioN FocusMe,Split,Team Secret,2,2,0,0.0,DetonatioN FocusMe,13,3,10,0.0,54:39
VCT 2026: Pacific Kickoff,Main Event,Middle Round 1,Team Secret vs DetonatioN FocusMe,Bind,Team Secret,8,5,3,0.0,DetonatioN FocusMe,13,6,7,0.0,44:48
VCT 2026: Pacific Kickoff,Main Event,Middle Round 1,ZETA DIVISION vs Global Esports,Haven,ZETA DIVISION,11,3,8,0.0,Global Esports,13,4,9,0.0,58:12
VCT 2026: Pacific Kickoff,Main Event,Middle Round 1,ZETA DIVISION vs Global Esports,Abyss,ZETA DIVISION,9,4,5,0.0,Global Esports,13,5,8,0.0,43:56
VCT 2026: Pacific Kickoff,Main Event,Middle Round 1,VARREL vs KIWOOM DRX,Corrode,VARREL,13,5,8,0.0,KIWOOM DRX,10,3,7,0.0,1:15:51
VCT 2026: Pacific Kickoff,Main Event,Middle Round 1,VARREL vs KIWOOM DRX,Split,VARREL,10,4,6,0.0,KIWOOM DRX,13,5,8,0.0,55:58
VCT 2026: Pacific Kickoff,Main Event,Middle Round 1,VARREL vs KIWOOM DRX,Bind,VARREL,5,3,2,0.0,KIWOOM DRX,13,4,9,0.0,42:17
VCT 2026: Pacific Kickoff,Main Event,Middle Round 1,Gen.G vs T1,Breeze,Gen.G,13,7,6,0.0,T1,7,2,5,0.0,53:32
VCT 2026: Pacific Kickoff,Main Event,Middle Round 1,Gen.G vs T1,Bind,Gen.G,8,5,3,0.0,T1,13,6,7,0.0,51:37
VCT 2026: Pacific Kickoff,Main Event,Middle Round 1,Gen.G vs T1,Haven,Gen.G,9,6,3,0.0,T1,13,7,6,0.0,49:15
VCT 2026: Pacific Kickoff,Main Event,Upper Round 3,Nongshim RedForce vs FULL SENSE,Split,Nongshim RedForce,14,6,6,2.0,FULL SENSE,12,6,6,0.0,1:17:22
VCT 2026: Pacific Kickoff,Main Event,Upper Round 3,Nongshim RedForce vs FULL SENSE,Bind,Nongshim RedForce,13,10,3,0.0,FULL SENSE,2,0,2,0.0,31:56
VCT 2026: Pacific Kickoff,Main Event,Upper Round 3,Paper Rex vs Rex Regum Qeon,Bind,Paper Rex,6,5,1,0.0,Rex Regum Qeon,13,6,7,0.0,48:03
VCT 2026: Pacific Kickoff,Main Event,Upper Round 3,Paper Rex vs Rex Regum Qeon,Pearl,Paper Rex,5,2,3,0.0,Rex Regum Qeon,13,3,10,0.0,41:58
VCT 2026: Pacific Kickoff,Main Event,Middle Round 2,DetonatioN FocusMe vs Global Esports,Breeze,DetonatioN FocusMe,3,2,1,0.0,Global Esports,13,3,10,0.0,51:57
VCT 2026: Pacific Kickoff,Main Event,Middle Round 2,DetonatioN FocusMe vs Global Esports,Pearl,DetonatioN FocusMe,13,7,6,0.0,Global Esports,9,4,5,0.0,49:34
VCT 2026: Pacific Kickoff,Main Event,Middle Round 2,DetonatioN FocusMe vs Global Esports,Split,DetonatioN FocusMe,13,7,6,0.0,Global Esports,8,3,5,0.0,50:04
VCT 2026: Pacific Kickoff,Main Event,Middle Round 2,KIWOOM DRX vs T1,Split,KIWOOM DRX,8,5,3,0.0,T1,13,6,7,0.0,59:30
VCT 2026: Pacific Kickoff,Main Event,Middle Round 2,KIWOOM DRX vs T1,Bind,KIWOOM DRX,8,4,4,0.0,T1,13,5,8,0.0,50:16
VCT 2026: Pacific Kickoff,Main Event,Lower Round 1,Team Secret vs ZETA DIVISION,Bind,Team Secret,13,8,5,0.0,ZETA DIVISION,4,0,4,0.0,44:25
VCT 2026: Pacific Kickoff,Main Event,Lower Round 1,Team Secret vs ZETA DIVISION,Split,Team Secret,4,1,3,0.0,ZETA DIVISION,13,2,11,0.0,37:51
VCT 2026: Pacific Kickoff,Main Event,Lower Round 1,Team Secret vs ZETA DIVISION,Abyss,Team Secret,11,7,4,0.0,ZETA DIVISION,13,8,5,0.0,50:12
VCT 2026: Pacific Kickoff,Main Event,Lower Round 1,VARREL vs Gen.G,Breeze,VARREL,10,4,6,0.0,Gen.G,13,5,8,0.0,59:47
VCT 2026: Pacific Kickoff,Main Event,Lower Round 1,VARREL vs Gen.G,Pearl,VARREL,20,5,7,8.0,Gen.G,18,5,7,6.0,1:27:38
VCT 2026: Pacific Kickoff,Main Event,Lower Round 1,VARREL vs Gen.G,Haven,VARREL,9,3,6,0.0,Gen.G,13,4,9,0.0,47:31
VCT 2026: Pacific Kickoff,Main Event,Middle Round 3,FULL SENSE vs DetonatioN FocusMe,Pearl,FULL SENSE,13,7,6,0.0,DetonatioN FocusMe,7,2,5,0.0,1:04:18
VCT 2026: Pacific Kickoff,Main Event,Middle Round 3,FULL SENSE vs DetonatioN FocusMe,Split,FULL SENSE,9,5,4,0.0,DetonatioN FocusMe,13,6,7,0.0,47:48
VCT 2026: Pacific Kickoff,Main Event,Middle Round 3,FULL SENSE vs DetonatioN FocusMe,Haven,FULL SENSE,6,6,0,0.0,DetonatioN FocusMe,13,7,6,0.0,42:37
VCT 2026: Pacific Kickoff,Main Event,Middle Round 3,Paper Rex vs T1,Pearl,Paper Rex,13,7,6,0.0,T1,10,5,5,0.0,58:05
VCT 2026: Pacific Kickoff,Main Event,Middle Round 3,Paper Rex vs T1,Breeze,Paper Rex,9,2,7,0.0,T1,13,3,10,0.0,46:45
VCT 2026: Pacific Kickoff,Main Event,Middle Round 3,Paper Rex vs T1,Bind,Paper Rex,8,6,2,0.0,T1,13,7,6,0.0,46:22
VCT 2026: Pacific Kickoff,Main Event,Lower Round 2,KIWOOM DRX vs ZETA DIVISION,Haven,KIWOOM DRX,13,9,4,0.0,ZETA DIVISION,7,4,3,0.0,56:44
VCT 2026: Pacific Kickoff,Main Event,Lower Round 2,KIWOOM DRX vs ZETA DIVISION,Bind,KIWOOM DRX,7,4,3,0.0,ZETA DIVISION,13,5,8,0.0,51:12
VCT 2026: Pacific Kickoff,Main Event,Lower Round 2,KIWOOM DRX vs ZETA DIVISION,Split,KIWOOM DRX,13,4,9,0.0,ZETA DIVISION,9,1,8,0.0,50:38
VCT 2026: Pacific Kickoff,Main Event,Lower Round 2,Global Esports vs Gen.G,Breeze,Global Esports,13,3,9,1.0,Gen.G,15,3,9,3.0,1:09:20
VCT 2026: Pacific Kickoff,Main Event,Lower Round 2,Global Esports vs Gen.G,Abyss,Global Esports,13,7,6,0.0,Gen.G,11,6,5,0.0,53:30
VCT 2026: Pacific Kickoff,Main Event,Lower Round 2,Global Esports vs Gen.G,Haven,Global Esports,13,7,6,0.0,Gen.G,11,6,5,0.0,50:51
VCT 2026: Pacific Kickoff,Main Event,Lower Round 3,FULL SENSE vs KIWOOM DRX,Corrode,FULL SENSE,3,2,1,0.0,KIWOOM DRX,13,3,10,0.0,58:12
VCT 2026: Pacific Kickoff,Main Event,Lower Round 3,FULL SENSE vs KIWOOM DRX,Abyss,FULL SENSE,9,7,2,0.0,KIWOOM DRX,13,8,5,0.0,53:48
VCT 2026: Pacific Kickoff,Main Event,Lower Round 3,Paper Rex vs Global Esports,Corrode,Paper Rex,13,3,10,0.0,Global Esports,10,1,9,0.0,59:03
VCT 2026: Pacific Kickoff,Main Event,Lower Round 3,Paper Rex vs Global Esports,Breeze,Paper Rex,6,4,2,0.0,Global Esports,13,5,8,0.0,41:51
VCT 2026: Pacific Kickoff,Main Event,Lower Round 3,Paper Rex vs Global Esports,Split,Paper Rex,14,8,4,2.0,Global Esports,12,8,4,0.0,51:43
VCT 2026: Pacific Kickoff,Main Event,Lower Round 4,KIWOOM DRX vs Paper Rex,Haven,KIWOOM DRX,11,4,7,0.0,Paper Rex,13,5,8,0.0,1:03:51
VCT 2026: Pacific Kickoff,Main Event,Lower Round 4,KIWOOM DRX vs Paper Rex,Corrode,KIWOOM DRX,13,5,8,0.0,Paper Rex,8,1,7,0.0,49:31
VCT 2026: Pacific Kickoff,Main Event,Lower Round 4,KIWOOM DRX vs Paper Rex,Breeze,KIWOOM DRX,10,8,2,0.0,Paper Rex,13,9,4,0.0,49:58
VCT 2026: Pacific Kickoff,Main Event,Middle Round 4,DetonatioN FocusMe vs T1,Pearl,DetonatioN FocusMe,7,6,1,0.0,T1,13,7,6,0.0,1:02:39
VCT 2026: Pacific Kickoff,Main Event,Middle Round 4,DetonatioN FocusMe vs T1,Split,DetonatioN FocusMe,10,6,4,0.0,T1,13,7,6,0.0,52:16
VCT 2026: Pacific Kickoff,Main Event,Upper Final,Nongshim RedForce vs Rex Regum Qeon,Corrode,Nongshim RedForce,12,6,6,0.0,Rex Regum Qeon,14,6,6,2.0,1:11:24
VCT 2026: Pacific Kickoff,Main Event,Upper Final,Nongshim RedForce vs Rex Regum Qeon,Bind,Nongshim RedForce,13,9,4,0.0,Rex Regum Qeon,8,5,3,0.0,51:45
VCT 2026: Pacific Kickoff,Main Event,Upper Final,Nongshim RedForce vs Rex Regum Qeon,Haven,Nongshim RedForce,13,9,4,0.0,Rex Regum Qeon,5,2,3,0.0,39:55
VCT 2026: Pacific Kickoff,Main Event,Upper Final,Nongshim RedForce vs Rex Regum Qeon,Abyss,Nongshim RedForce,11,6,5,0.0,Rex Regum Qeon,13,7,6,0.0,48:01
VCT 2026: Pacific Kickoff,Main Event,Upper Final,Nongshim RedForce vs Rex Regum Qeon,Breeze,Nongshim RedForce,13,11,2,0.0,Rex Regum Qeon,7,6,1,0.0,41:56
VCT 2026: Pacific Kickoff,Main Event,Lower Round 5,DetonatioN FocusMe vs Paper Rex,Haven,DetonatioN FocusMe,11,4,7,0.0,Paper Rex,13,5,8,0.0,1:05:04
VCT 2026: Pacific Kickoff,Main Event,Lower Round 5,DetonatioN FocusMe vs Paper Rex,Split,DetonatioN FocusMe,2,2,0,0.0,Paper Rex,13,3,10,0.0,28:31
VCT 2026: Pacific Kickoff,Main Event,Middle Final,Rex Regum Qeon vs T1,Pearl,Rex Regum Qeon,7,3,4,0.0,T1,13,4,9,0.0,1:00:37
VCT 2026: Pacific Kickoff,Main Event,Middle Final,Rex Regum Qeon vs T1,Breeze,Rex Regum Qeon,2,2,0,0.0,T1,13,3,10,0.0,29:08
VCT 2026: Pacific Kickoff,Main Event,Middle Final,Rex Regum Qeon vs T1,Abyss,Rex Regum Qeon,17,3,9,5.0,T1,19,3,9,7.0,1:19:38
VCT 2026: Pacific Kickoff,Main Event,Lower Final,Rex Regum Qeon vs Paper Rex,Haven,Rex Regum Qeon,8,8,0,0.0,Paper Rex,13,9,4,0.0,1:04:45
VCT 2026: Pacific Kickoff,Main Event,Lower Final,Rex Regum Qeon vs Paper Rex,Corrode,Rex Regum Qeon,13,9,4,0.0,Paper Rex,10,7,3,0.0,55:44
VCT 2026: Pacific Kickoff,Main Event,Lower Final,Rex Regum Qeon vs Paper Rex,Breeze,Rex Regum Qeon,10,4,6,0.0,Paper Rex,13,5,8,0.0,49:02
VCT 2026: Pacific Kickoff,Main Event,Lower Final,Rex Regum Qeon vs Paper Rex,Pearl,Rex Regum Qeon,10,7,3,0.0,Paper Rex,13,8,5,0.0,53:10
VCT 2026: China Kickoff,Main Event,Upper Round 1,Trace Esports vs Wolves Esports,Abyss,Trace Esports,13,6,7,0.0,Wolves Esports,7,1,6,0.0,
VCT 2026: China Kickoff,Main Event,Upper Round 1,Trace Esports vs Wolves Esports,Haven,Trace Esports,11,5,6,0.0,Wolves Esports,13,6,7,0.0,
VCT 2026: China Kickoff,Main Event,Upper Round 1,Trace Esports vs Wolves Esports,Bind,Trace Esports,5,4,1,0.0,Wolves Esports,13,5,8,0.0,
VCT 2026: China Kickoff,Main Event,Upper Round 1,FunPlus Phoenix vs TYLOO,Pearl,FunPlus Phoenix,3,3,0,0.0,TYLOO,13,4,9,0.0,
VCT 2026: China Kickoff,Main Event,Upper Round 1,FunPlus Phoenix vs TYLOO,Haven,FunPlus Phoenix,4,4,0,0.0,TYLOO,13,5,8,0.0,
VCT 2026: China Kickoff,Main Event,Upper Round 1,All Gamers vs Nova Esports,Split,All Gamers,13,8,5,0.0,Nova Esports,7,3,4,0.0,
VCT 2026: China Kickoff,Main Event,Upper Round 1,All Gamers vs Nova Esports,Pearl,All Gamers,16,7,5,4.0,Nova Esports,14,7,5,2.0,
VCT 2026: China Kickoff,Main Event,Upper Round 1,JDG Esports vs Titan Esports Club,Corrode,JDG Esports,13,7,6,0.0,Titan Esports Club,6,1,5,0.0,
VCT 2026: China Kickoff,Main Event,Upper Round 1,JDG Esports vs Titan Esports Club,Haven,JDG Esports,6,5,1,0.0,Titan Esports Club,13,6,7,0.0,
VCT 2026: China Kickoff,Main Event,Upper Round 1,JDG Esports vs Titan Esports Club,Abyss,JDG Esports,13,8,5,0.0,Titan Esports Club,10,6,4,0.0,
VCT 2026: China Kickoff,Main Event,Upper Round 2,Xi Lai Gaming vs Wolves Esports,Breeze,Xi Lai Gaming,13,8,5,0.0,Wolves Esports,4,0,4,0.0,1:13:39
VCT 2026: China Kickoff,Main Event,Upper Round 2,Xi Lai Gaming vs Wolves Esports,Abyss,Xi Lai Gaming,13,7,6,0.0,Wolves Esports,6,1,5,0.0,42:49
VCT 2026: China Kickoff,Main Event,Upper Round 2,EDward Gaming vs TYLOO,Abyss,EDward Gaming,13,8,5,0.0,TYLOO,5,1,4,0.0,48:48
VCT 2026: China Kickoff,Main Event,Upper Round 2,EDward Gaming vs TYLOO,Bind,EDward Gaming,14,4,8,2.0,TYLOO,12,4,8,0.0,56:22
VCT 2026: China Kickoff,Main Event,Upper Round 2,Bilibili Gaming vs All Gamers,Split,Bilibili Gaming,10,4,6,0.0,All Gamers,13,5,8,0.0,1:18:48
VCT 2026: China Kickoff,Main Event,Upper Round 2,Bilibili Gaming vs All Gamers,Abyss,Bilibili Gaming,3,1,2,0.0,All Gamers,13,2,11,0.0,38:03
VCT 2026: China Kickoff,Main Event,Upper Round 2,Dragon Ranger Gaming vs JDG Esports,Abyss,Dragon Ranger Gaming,11,6,5,0.0,JDG Esports,13,7,6,0.0,1:12:45
VCT 2026: China Kickoff,Main Event,Upper Round 2,Dragon Ranger Gaming vs JDG Esports,Breeze,Dragon Ranger Gaming,13,8,5,0.0,JDG Esports,8,4,4,0.0,44:06
VCT 2026: China Kickoff,Main Event,Upper Round 2,Dragon Ranger Gaming vs JDG Esports,Corrode,Dragon Ranger Gaming,13,6,7,0.0,JDG Esports,9,3,6,0.0,52:23
VCT 2026: China Kickoff,Main Event,Middle Round 1,Nova Esports vs TYLOO,Split,Nova Esports,10,5,5,0.0,TYLOO,13,6,7,0.0,1:01:19
VCT 2026: China Kickoff,Main Event,Middle Round 1,Nova Esports vs TYLOO,Corrode,Nova Esports,4,2,2,0.0,TYLOO,13,3,10,0.0,38:26
VCT 2026: China Kickoff,Main Event,Middle Round 1,Titan Esports Club vs Wolves Esports,Breeze,Titan Esports Club,13,8,5,0.0,Wolves Esports,11,7,4,0.0,1:02:33
VCT 2026: China Kickoff,Main Event,Middle Round 1,Titan Esports Club vs Wolves Esports,Bind,Titan Esports Club,7,5,2,0.0,Wolves Esports,13,6,7,0.0,44:09
VCT 2026: China Kickoff,Main Event,Middle Round 1,Titan Esports Club vs Wolves Esports,Haven,Titan Esports Club,13,7,6,0.0,Wolves Esports,8,3,5,0.0,50:29
VCT 2026: China Kickoff,Main Event,Middle Round 1,Trace Esports vs JDG Esports,Split,Trace Esports,13,7,6,0.0,JDG Esports,11,6,5,0.0,1:08:22
VCT 2026: China Kickoff,Main Event,Middle Round 1,Trace Esports vs JDG Esports,Pearl,Trace Esports,3,1,2,0.0,JDG Esports,13,2,11,0.0,37:18
VCT 2026: China Kickoff,Main Event,Middle Round 1,Trace Esports vs JDG Esports,Corrode,Trace Esports,13,10,3,0.0,JDG Esports,4,2,2,0.0,37:37
VCT 2026: China Kickoff,Main Event,Middle Round 1,FunPlus Phoenix vs Bilibili Gaming,Pearl,FunPlus Phoenix,9,4,5,0.0,Bilibili Gaming,13,5,8,0.0,1:01:14
VCT 2026: China Kickoff,Main Event,Middle Round 1,FunPlus Phoenix vs Bilibili Gaming,Bind,FunPlus Phoenix,15,7,5,3.0,Bilibili Gaming,17,7,5,5.0,1:14:19
VCT 2026: China Kickoff,Main Event,Middle Round 2,TYLOO vs Titan Esports Club,Corrode,TYLOO,10,4,6,0.0,Titan Esports Club,13,5,8,0.0,1:12:57
VCT 2026: China Kickoff,Main Event,Middle Round 2,TYLOO vs Titan Esports Club,Breeze,TYLOO,13,5,8,0.0,Titan Esports Club,9,2,7,0.0,50:44
VCT 2026: China Kickoff,Main Event,Middle Round 2,TYLOO vs Titan Esports Club,Split,TYLOO,13,7,6,0.0,Titan Esports Club,9,4,5,0.0,50:21
VCT 2026: China Kickoff,Main Event,Middle Round 2,Trace Esports vs Bilibili Gaming,Abyss,Trace Esports,10,3,7,0.0,Bilibili Gaming,13,4,9,0.0,1:05:47
VCT 2026: China Kickoff,Main Event,Middle Round 2,Trace Esports vs Bilibili Gaming,Breeze,Trace Esports,11,8,3,0.0,Bilibili Gaming,13,9,4,0.0,50:08
VCT 2026: China Kickoff,Main Event,Lower Round 1,Nova Esports vs Wolves Esports,Abyss,Nova Esports,13,7,6,0.0,Wolves Esports,5,0,5,0.0,54:29
VCT 2026: China Kickoff,Main Event,Lower Round 1,Nova Esports vs Wolves Esports,Haven,Nova Esports,3,3,0,0.0,Wolves Esports,13,4,9,0.0,34:27
VCT 2026: China Kickoff,Main Event,Lower Round 1,Nova Esports vs Wolves Esports,Pearl,Nova Esports,11,9,2,0.0,Wolves Esports,13,10,3,0.0,53:49
VCT 2026: China Kickoff,Main Event,Upper Round 3,All Gamers vs Dragon Ranger Gaming,Corrode,All Gamers,7,4,3,0.0,Dragon Ranger Gaming,13,5,8,0.0,1:02:01
VCT 2026: China Kickoff,Main Event,Upper Round 3,All Gamers vs Dragon Ranger Gaming,Bind,All Gamers,15,5,7,3.0,Dragon Ranger Gaming,13,5,7,1.0,1:09:45
VCT 2026: China Kickoff,Main Event,Upper Round 3,All Gamers vs Dragon Ranger Gaming,Abyss,All Gamers,13,6,7,0.0,Dragon Ranger Gaming,10,4,6,0.0,54:49
VCT 2026: China Kickoff,Main Event,Lower Round 1,JDG Esports vs FunPlus Phoenix,Pearl,JDG Esports,5,5,0,0.0,FunPlus Phoenix,13,6,7,0.0,55:16
VCT 2026: China Kickoff,Main Event,Lower Round 1,JDG Esports vs FunPlus Phoenix,Bind,JDG Esports,13,10,3,0.0,FunPlus Phoenix,3,1,2,0.0,38:47
VCT 2026: China Kickoff,Main Event,Lower Round 1,JDG Esports vs FunPlus Phoenix,Haven,JDG Esports,13,6,7,0.0,FunPlus Phoenix,7,1,6,0.0,45:30
VCT 2026: China Kickoff,Main Event,Upper Round 3,Xi Lai Gaming vs EDward Gaming,Split,Xi Lai Gaming,13,7,6,0.0,EDward Gaming,5,0,5,0.0,57:25
VCT 2026: China Kickoff,Main Event,Upper Round 3,Xi Lai Gaming vs EDward Gaming,Pearl,Xi Lai Gaming,13,9,4,0.0,EDward Gaming,6,3,3,0.0,45:12
VCT 2026: China Kickoff,Main Event,Lower Round 2,Trace Esports vs Wolves Esports,Abyss,Trace Esports,12,5,7,0.0,Wolves Esports,14,5,7,2.0,1:13:12
VCT 2026: China Kickoff,Main Event,Lower Round 2,Trace Esports vs Wolves Esports,Bind,Trace Esports,13,6,7,0.0,Wolves Esports,8,2,6,0.0,49:19
VCT 2026: China Kickoff,Main Event,Lower Round 2,Trace Esports vs Wolves Esports,Split,Trace Esports,13,10,3,0.0,Wolves Esports,6,4,2,0.0,39:36
VCT 2026: China Kickoff,Main Event,Middle Round 3,Dragon Ranger Gaming vs TYLOO,Corrode,Dragon Ranger Gaming,10,8,2,0.0,TYLOO,13,9,4,0.0,1:01:36
VCT 2026: China Kickoff,Main Event,Middle Round 3,Dragon Ranger Gaming vs TYLOO,Split,Dragon Ranger Gaming,13,9,4,0.0,TYLOO,6,3,3,0.0,42:02
VCT 2026: China Kickoff,Main Event,Middle Round 3,Dragon Ranger Gaming vs TYLOO,Pearl,Dragon Ranger Gaming,13,7,6,0.0,TYLOO,6,1,5,0.0,49:08
VCT 2026: China Kickoff,Main Event,Lower Round 2,Titan Esports Club vs JDG Esports,Bind,Titan Esports Club,13,10,3,0.0,JDG Esports,5,3,2,0.0,1:00:15
VCT 2026: China Kickoff,Main Event,Lower Round 2,Titan Esports Club vs JDG Esports,Haven,Titan Esports Club,10,5,5,0.0,JDG Esports,13,6,7,0.0,51:29
VCT 2026: China Kickoff,Main Event,Lower Round 2,Titan Esports Club vs JDG Esports,Split,Titan Esports Club,8,2,6,0.0,JDG Esports,13,3,10,0.0,47:34
VCT 2026: China Kickoff,Main Event,Middle Round 3,EDward Gaming vs Bilibili Gaming,Abyss,EDward Gaming,7,6,1,0.0,Bilibili Gaming,13,7,6,0.0,1:02:55
VCT 2026: China Kickoff,Main Event,Middle Round 3,EDward Gaming vs Bilibili Gaming,Haven,EDward Gaming,13,9,4,0.0,Bilibili Gaming,9,6,3,0.0,43:30
VCT 2026: China Kickoff,Main Event,Middle Round 3,EDward Gaming vs Bilibili Gaming,Breeze,EDward Gaming,5,2,3,0.0,Bilibili Gaming,13,3,10,0.0,43:20
VCT 2026: China Kickoff,Main Event,Lower Round 3,TYLOO vs Trace Esports,Haven,TYLOO,13,9,4,0.0,Trace Esports,7,4,3,0.0,59:05
VCT 2026: China Kickoff,Main Event,Lower Round 3,TYLOO vs Trace Esports,Abyss,TYLOO,14,7,5,2.0,Trace Esports,12,7,5,0.0,
VCT 2026: China Kickoff,Main Event,Lower Round 3,EDward Gaming vs JDG Esports,Abyss,EDward Gaming,13,7,6,0.0,JDG Esports,6,1,5,0.0,
VCT 2026: China Kickoff,Main Event,Lower Round 3,EDward Gaming vs JDG Esports,Haven,EDward Gaming,6,3,3,0.0,JDG Esports,13,4,9,0.0,
VCT 2026: China Kickoff,Main Event,Lower Round 3,EDward Gaming vs JDG Esports,Corrode,EDward Gaming,13,9,4,0.0,JDG Esports,5,2,3,0.0,
VCT 2026: China Kickoff,Main Event,Middle Round 4,Dragon Ranger Gaming vs Bilibili Gaming,Split,Dragon Ranger Gaming,6,5,1,0.0,Bilibili Gaming,13,6,7,0.0,58:10
VCT 2026: China Kickoff,Main Event,Middle Round 4,Dragon Ranger Gaming vs Bilibili Gaming,Abyss,Dragon Ranger Gaming,2,2,0,0.0,Bilibili Gaming,13,3,10,0.0,35:43
VCT 2026: China Kickoff,Main Event,Lower Round 4,TYLOO vs EDward Gaming,Bind,TYLOO,13,9,4,0.0,EDward Gaming,3,0,3,0.0,51:51
VCT 2026: China Kickoff,Main Event,Lower Round 4,TYLOO vs EDward Gaming,Haven,TYLOO,9,8,1,0.0,EDward Gaming,13,9,4,0.0,52:59
VCT 2026: China Kickoff,Main Event,Lower Round 4,TYLOO vs EDward Gaming,Corrode,TYLOO,7,4,3,0.0,EDward Gaming,13,5,8,0.0,42:14
VCT 2026: China Kickoff,Main Event,Lower Round 5,Dragon Ranger Gaming vs EDward Gaming,Split,Dragon Ranger Gaming,13,6,7,0.0,EDward Gaming,11,5,6,0.0,1:09:02
VCT 2026: China Kickoff,Main Event,Lower Round 5,Dragon Ranger Gaming vs EDward Gaming,Pearl,Dragon Ranger Gaming,2,1,1,0.0,EDward Gaming,13,2,11,0.0,38:31
VCT 2026: China Kickoff,Main Event,Lower Round 5,Dragon Ranger Gaming vs EDward Gaming,Corrode,Dragon Ranger Gaming,6,4,2,0.0,EDward Gaming,13,5,8,0.0,38:56
VCT 2026: China Kickoff,Main Event,Upper Final,All Gamers vs Xi Lai Gaming,Pearl,All Gamers,13,11,2,0.0,Xi Lai Gaming,5,4,1,0.0,1:15:59
VCT 2026: China Kickoff,Main Event,Upper Final,All Gamers vs Xi Lai Gaming,Split,All Gamers,13,4,9,0.0,Xi Lai Gaming,11,3,8,0.0,54:06
VCT 2026: China Kickoff,Main Event,Upper Final,All Gamers vs Xi Lai Gaming,Bind,All Gamers,7,4,3,0.0,Xi Lai Gaming,13,5,8,0.0,49:25
VCT 2026: China Kickoff,Main Event,Upper Final,All Gamers vs Xi Lai Gaming,Abyss,All Gamers,6,5,1,0.0,Xi Lai Gaming,13,6,7,0.0,44:30
VCT 2026: China Kickoff,Main Event,Upper Final,All Gamers vs Xi Lai Gaming,Haven,All Gamers,13,5,8,0.0,Xi Lai Gaming,10,3,7,0.0,52:41
VCT 2026: China Kickoff,Main Event,Middle Final,Xi Lai Gaming vs Bilibili Gaming,Abyss,Xi Lai Gaming,14,7,5,2.0,Bilibili Gaming,16,7,5,4.0,1:34:23
VCT 2026: China Kickoff,Main Event,Middle Final,Xi Lai Gaming vs Bilibili Gaming,Bind,Xi Lai Gaming,13,9,4,0.0,Bilibili Gaming,4,1,3,0.0,38:25
VCT 2026: China Kickoff,Main Event,Middle Final,Xi Lai Gaming vs Bilibili Gaming,Breeze,Xi Lai Gaming,12,6,6,0.0,Bilibili Gaming,14,6,6,2.0,59:37
VCT 2026: China Kickoff,Main Event,Middle Final,Xi Lai Gaming vs Bilibili Gaming,Pearl,Xi Lai Gaming,13,9,4,0.0,Bilibili Gaming,11,8,3,0.0,55:21
VCT 2026: China Kickoff,Main Event,Middle Final,Xi Lai Gaming vs Bilibili Gaming,Split,Xi Lai Gaming,13,9,4,0.0,Bilibili Gaming,4,1,3,0.0,38:31
VCT 2026: China Kickoff,Main Event,Lower Final,Bilibili Gaming vs EDward Gaming,Pearl,Bilibili Gaming,13,6,7,0.0,EDward Gaming,9,3,6,0.0,1:15:10
VCT 2026: China Kickoff,Main Event,Lower Final,Bilibili Gaming vs EDward Gaming,Haven,Bilibili Gaming,10,6,4,0.0,EDward Gaming,13,7,6,0.0,46:22
VCT 2026: China Kickoff,Main Event,Lower Final,Bilibili Gaming vs EDward Gaming,Abyss,Bilibili Gaming,10,6,4,0.0,EDward Gaming,13,7,6,0.0,51:47
VCT 2026: China Kickoff,Main Event,Lower Final,Bilibili Gaming vs EDward Gaming,Split,Bilibili Gaming,6,5,1,0.0,EDward Gaming,13,6,7,0.0,36:17
